Name,Registers/Thread,Static Shared Memory,gst uncoalesced,gst coalesced,gld uncoalesced,gld coalesced,gld 32B,gld request,gld 128B,gld 64B,divergent branch,branch,sm cta launched,cta launched,warp serialize,instructions,gst 32B,gst 64B,gst 128B,gld total,local store,local load,gst total,gst request,Start Time(ns),Duration(ns),GridX,GridY,GridZ,BlockX,BlockY,BlockZ,Dynamic Shared Memory,Size(bytes),Throughput(bytes/sec)
"Memcpy HtoD [sync]",,,,,,,,,,,,,,,,,,,,,,,,,102804063,25408,,,,,,,,123904,4876574307
"Memcpy HtoD [sync]",,,,,,,,,,,,,,,,,,,,,,,,,102934239,24896,,,,,,,,123904,4976863753
"MatrixMulKernel_1(float const *, float const *, float*, int)",16,44,0,7744,0,1022208,1022208,681472,0,0,0,175308,0,1,0,1893586,3872,0,0,1022208,0,0,1022208,1936,102963231,49859744,1,1,1,8,8,1,0,,
"Memcpy DtoH [sync]",,,,,,,,,,,,,,,,,,,,,,,,,154417078,26335,,,,,,,,123904,4704917410
"Memcpy HtoD [sync]",,,,,,,,,,,,,,,,,,,,,,,,,198547596,88448,,,,,,,,495616,5603473227
"Memcpy HtoD [sync]",,,,,,,,,,,,,,,,,,,,,,,,,198814284,87840,,,,,,,,495616,5642258652
"MatrixMulKernel_1(float const *, float const *, float*, int)",16,44,0,30976,0,8177664,8177664,5451776,0,0,0,1382492,0,1,0,15068110,15488,0,0,8177664,0,0,8177664,7744,198906188,398426496,1,1,1,8,8,1,0,,
"Memcpy DtoH [sync]",,,,,,,,,,,,,,,,,,,,,,,,,598172576,90907,,,,,,,,495616,5451901393
"Memcpy HtoD [sync]",,,,,,,,,,,,,,,,,,,,,,,,,644504638,195104,,,,,,,,1115136,5715597835
"Memcpy HtoD [sync]",,,,,,,,,,,,,,,,,,,,,,,,,645034206,194304,,,,,,,,1115136,5739130434
"MatrixMulKernel_1(float const *, float const *, float*, int)",16,44,0,69696,0,27599616,27599616,18399744,0,0,0,4643772,0,1,0,50767994,34848,0,0,27599616,0,0,27599616,17424,645232670,1345354816,1,1,1,8,8,1,0,,
"Memcpy DtoH [sync]",,,,,,,,,,,,,,,,,,,,,,,,,1992066262,201301,,,,,,,,1115136,5539644611
"Memcpy HtoD [sync]",,,,,,,,,,,,,,,,,,,,,,,,,2039721532,25472,,,,,,,,123904,4864321608
"Memcpy HtoD [sync]",,,,,,,,,,,,,,,,,,,,,,,,,2039826268,24736,,,,,,,,123904,5009055627
"MatrixMulKernel_1(float const *, float const *, float*, int)",16,44,0,7744,0,681472,0,0,0,0,0,175432,0,1,0,1895000,0,1936,0,681472,0,0,681472,1936,2039855100,13156256,1,1,1,16,16,1,0,,
"Memcpy DtoH [sync]",,,,,,,,,,,,,,,,,,,,,,,,,2053118512,25247,,,,,,,,123904,4907672198
"Memcpy HtoD [sync]",,,,,,,,,,,,,,,,,,,,,,,,,2102145577,88512,,,,,,,,495616,5599421547
"Memcpy HtoD [sync]",,,,,,,,,,,,,,,,,,,,,,,,,2102386441,87872,,,,,,,,495616,5640203932
"MatrixMulKernel_1(float const *, float const *, float*, int)",16,44,0,30976,0,5451776,2725888,5451776,0,2725888,0,1382704,0,1,0,15070536,0,7744,0,5451776,0,0,5451776,7744,2102478377,104407840,1,1,1,16,16,1,0,,
"Memcpy DtoH [sync]",,,,,,,,,,,,,,,,,,,,,,,,,2207585418,91004,,,,,,,,495616,5446090281
"Memcpy HtoD [sync]",,,,,,,,,,,,,,,,,,,,,,,,,2255012699,195680,,,,,,,,1115136,5698773507
"Memcpy HtoD [sync]",,,,,,,,,,,,,,,,,,,,,,,,,2255493851,194720,,,,,,,,1115136,5726869350
"MatrixMulKernel_1(float const *, float const *, float*, int)",16,44,0,69696,0,18399744,9199872,18399744,0,9199872,0,4644072,0,1,0,50771432,0,17424,0,18399744,0,0,18399744,17424,2255692603,349935936,1,1,1,16,16,1,0,,
"Memcpy DtoH [sync]",,,,,,,,,,,,,,,,,,,,,,,,,2606398427,201301,,,,,,,,1115136,5539644611
"Memcpy HtoD [sync]",,,,,,,,,,,,,,,,,,,,,,,,,2660441652,25408,,,,,,,,123904,4876574307
"Memcpy HtoD [sync]",,,,,,,,,,,,,,,,,,,,,,,,,2660547572,24896,,,,,,,,123904,4976863753
"MatrixMulKernel_1(float const *, float const *, float*, int)",16,44,0,14864,0,1101056,742016,698368,188672,170368,0,0,0,0,0,2005936,2040,1192,752,1101056,0,0,913136,1984,2660576532,7454208,1,1,1,22,22,1,0,,
"Memcpy DtoH [sync]",,,,,,,,,,,,,,,,,,,,,,,,,2668138921,25248,,,,,,,,123904,4907477820
"Memcpy HtoD [sync]",,,,,,,,,,,,,,,,,,,,,,,,,2715628001,88416,,,,,,,,495616,5605501266
"Memcpy HtoD [sync]",,,,,,,,,,,,,,,,,,,,,,,,,2715860257,87840,,,,,,,,495616,5642258652
"MatrixMulKernel_1(float const *, float const *, float*, int)",16,44,0,0,0,0,5936128,5586944,1509376,1362944,0,1462880,0,1,0,15944496,8256,4544,3072,8808448,0,0,7302144,7936,2715952161,59424160,1,1,1,22,22,1,0,,
"Memcpy DtoH [sync]",,,,,,,,,,,,,,,,,,,,,,,,,2776084558,90812,,,,,,,,495616,5457604721
"Memcpy HtoD [sync]",,,,,,,,,,,,,,,,,,,,,,,,,2825992637,195520,,,,,,,,1115136,5703436988
"Memcpy HtoD [sync]",,,,,,,,,,,,,,,,,,,,,,,,,2826484669,194624,,,,,,,,1115136,5729694179
"MatrixMulKernel_1(float const *, float const *, float*, int)",16,44,0,133488,0,29728512,20034432,18855936,5094144,4599936,0,4912992,0,1,0,53711536,18504,10392,6864,29728512,0,0,24641232,17856,2826683357,200264640,1,1,1,22,22,1,0,,
"Memcpy DtoH [sync]",,,,,,,,,,,,,,,,,,,,,,,,,3027644522,201142,,,,,,,,1115136,5544023625
"Memcpy HtoD [sync]",,,,,,,,,,,,,,,,,,,,,,,,,3080105628,25408,,,,,,,,123904,4876574307
"Memcpy HtoD [sync]",,,,,,,,,,,,,,,,,,,,,,,,,3080233372,24800,,,,,,,,123904,4996129032
"MatrixMulKernel_2(float const *, float const *, float*, int)",10,44,0,1920,0,253440,253440,168960,0,0,0,15120,0,123,0,115057,960,0,0,253440,0,0,253440,488,3080262236,1465536,22,22,1,8,8,1,0,,
"Memcpy DtoH [sync]",,,,,,,,,,,,,,,,,,,,,,,,,3081833591,25472,,,,,,,,123904,4864321608
"Memcpy HtoD [sync]",,,,,,,,,,,,,,,,,,,,,,,,,3128661775,88544,,,,,,,,495616,5597397903
"Memcpy HtoD [sync]",,,,,,,,,,,,,,,,,,,,,,,,,3128898511,88096,,,,,,,,495616,5625862695
"MatrixMulKernel_2(float const *, float const *, float*, int)",10,44,0,7760,0,2048640,2044416,1362944,0,0,0,114632,0,486,0,916429,3856,0,0,2035968,0,0,2035968,1940,3128990671,12933920,44,44,1,8,8,1,0,,
"Memcpy DtoH [sync]",,,,,,,,,,,,,,,,,,,,,,,,,3142022049,91550,,,,,,,,495616,5413610049
"Memcpy HtoD [sync]",,,,,,,,,,,,,,,,,,,,,,,,,3194061942,195296,,,,,,,,1115136,5709978699
"Memcpy HtoD [sync]",,,,,,,,,,,,,,,,,,,,,,,,,3194545910,194304,,,,,,,,1115136,5739130434
"MatrixMulKernel_2(float const *, float const *, float*, int)",10,44,0,17344,0,6868224,6925248,4616832,0,0,0,391552,0,1092,0,3122453,8672,0,0,6950592,0,0,6950592,4368,3194744310,38573888,66,66,1,8,8,1,0,,
"Memcpy DtoH [sync]",,,,,,,,,,,,,,,,,,,,,,,,,3233423151,201144,,,,,,,,1115136,5543968500
"Memcpy HtoD [sync]",,,,,,,,,,,,,,,,,,,,,,,,,3286567907,25376,,,,,,,,123904,4882723833
"Memcpy HtoD [sync]",,,,,,,,,,,,,,,,,,,,,,,,,3286678883,24800,,,,,,,,123904,4996129032
"MatrixMulKernel_2(float const *, float const *, float*, int)",10,44,0,2112,0,185856,81664,163328,0,81664,0,11520,0,28,0,115073,0,544,0,152064,0,0,152064,544,3286707747,1380800,11,11,1,16,16,1,0,,
"Memcpy DtoH [sync]",,,,,,,,,,,,,,,,,,,,,,,,,3288137854,25504,,,,,,,,123904,4858218318
"Memcpy HtoD [sync]",,,,,,,,,,,,,,,,,,,,,,,,,3335156054,88416,,,,,,,,495616,5605501266
"Memcpy HtoD [sync]",,,,,,,,,,,,,,,,,,,,,,,,,3335392470,87872,,,,,,,,495616,5640203932
"MatrixMulKernel_2(float const *, float const *, float*, int)",10,44,0,7616,0,1340416,704000,1408000,0,704000,0,113920,0,122,0,910753,0,1952,0,1340416,0,0,1340416,1920,3335484406,11713024,22,22,1,16,16,1,0,,
"Memcpy DtoH [sync]",,,,,,,,,,,,,,,,,,,,,,,,,3347277130,89790,,,,,,,,495616,5519723799
"Memcpy HtoD [sync]",,,,,,,,,,,,,,,,,,,,,,,,,3399240126,195488,,,,,,,,1115136,5704370600
"Memcpy HtoD [sync]",,,,,,,,,,,,,,,,,,,,,,,,,3399753918,194432,,,,,,,,1115136,5735352205
"MatrixMulKernel_2(float const *, float const *, float*, int)",10,44,0,17408,0,4595712,2289408,4578816,0,2289408,0,374528,0,270,0,3028881,0,4368,0,4561920,0,0,4561920,4336,3399952478,36721120,33,33,1,16,16,1,0,,
"Memcpy DtoH [sync]",,,,,,,,,,,,,,,,,,,,,,,,,3436776441,200344,,,,,,,,1115136,5566106297
"Memcpy HtoD [sync]",,,,,,,,,,,,,,,,,,,,,,,,,3487899181,25472,,,,,,,,123904,4864321608
"Memcpy HtoD [sync]",,,,,,,,,,,,,,,,,,,,,,,,,3488011661,24768,,,,,,,,123904,5002583979
"MatrixMulKernel_2(float const *, float const *, float*, int)",10,44,0,3732,0,274824,185416,174592,43648,42680,0,14400,0,16,0,115057,405,249,170,256432,0,0,214003,527,3488040493,2551936,8,8,1,22,22,1,0,,
"Memcpy DtoH [sync]",,,,,,,,,,,,,,,,,,,,,,,,,3490701192,25504,,,,,,,,123904,4858218318
"Memcpy HtoD [sync]",,,,,,,,,,,,,,,,,,,,,,,,,3538927808,88512,,,,,,,,495616,5599421547
"Memcpy HtoD [sync]",,,,,,,,,,,,,,,,,,,,,,,,,3539162048,87872,,,,,,,,495616,5640203932
"MatrixMulKernel_2(float const *, float const *, float*, int)",10,44,0,15410,0,2234144,1511840,1396736,365728,350944,0,125312,0,65,0,956273,2122,1072,709,2240832,0,0,1850198,1984,3539254016,21461888,16,16,1,22,22,1,0,,
"Memcpy DtoH [sync]",,,,,,,,,,,,,,,,,,,,,,,,,3560822314,91837,,,,,,,,495616,5396691965
"Memcpy HtoD [sync]",,,,,,,,,,,,,,,,,,,,,,,,,3610350943,195456,,,,,,,,1115136,5705304518
"Memcpy HtoD [sync]",,,,,,,,,,,,,,,,,,,,,,,,,3610852447,194624,,,,,,,,1115136,5729694179
"MatrixMulKernel_2(float const *, float const *, float*, int)",10,44,0,32208,0,7374312,4907496,4681248,1243704,1208328,0,408576,0,143,0,3199025,4394,2762,1732,7406520,0,0,6117588,4433,3611051295,66967232,24,24,1,22,22,1,0,,
"Memcpy DtoH [sync]",,,,,,,,,,,,,,,,,,,,,,,,,3678670183,201240,,,,,,,,1115136,5541323792
"Memcpy HtoD [sync]",,,,,,,,,,,,,,,,,,,,,,,,,3729827188,25408,,,,,,,,123904,4876574307
"Memcpy HtoD [sync]",,,,,,,,,,,,,,,,,,,,,,,,,3730009460,24768,,,,,,,,123904,5002583979
"void MatrixMulKernel_3<int=8>(float*, float const *, float const *, int)",12,556,0,1952,0,42944,42944,21472,0,0,0,5740,0,122,76019,53458,984,0,0,42240,0,0,42240,484,3730038292,316128,22,22,1,8,8,1,0,,
"Memcpy DtoH [sync]",,,,,,,,,,,,,,,,,,,,,,,,,3730969351,26367,,,,,,,,123904,4699207342
"Memcpy HtoD [sync]",,,,,,,,,,,,,,,,,,,,,,,,,3777019049,88544,,,,,,,,495616,5597397903
"Memcpy HtoD [sync]",,,,,,,,,,,,,,,,,,,,,,,,,3777256649,88096,,,,,,,,495616,5625862695
"void MatrixMulKernel_3<int=8>(float*, float const *, float const *, int)",12,556,0,7744,0,340736,342144,171072,0,0,0,43792,0,482,623338,418603,3872,0,0,340736,0,0,340736,1940,3777348809,2350784,44,44,1,8,8,1,0,,
"Memcpy DtoH [sync]",,,,,,,,,,,,,,,,,,,,,,,,,3779748902,93343,,,,,,,,495616,5309621503
"Memcpy HtoD [sync]",,,,,,,,,,,,,,,,,,,,,,,,,3831982522,195552,,,,,,,,1115136,5702503681
"Memcpy HtoD [sync]",,,,,,,,,,,,,,,,,,,,,,,,,3832474682,194336,,,,,,,,1115136,5738185410
"void MatrixMulKernel_3<int=8>(float*, float const *, float const *, int)",12,556,0,17504,0,1155264,1147872,573936,0,0,0,147056,0,1090,2071554,1383219,8712,0,0,1152096,0,0,1152096,4368,3832673082,7666240,66,66,1,8,8,1,0,,
"Memcpy DtoH [sync]",,,,,,,,,,,,,,,,,,,,,,,,,3840446287,202588,,,,,,,,1115136,5504452386
"Memcpy HtoD [sync]",,,,,,,,,,,,,,,,,,,,,,,,,3891807396,25344,,,,,,,,123904,4888888888
"Memcpy HtoD [sync]",,,,,,,,,,,,,,,,,,,,,,,,,3891953892,24768,,,,,,,,123904,5002583979
"void MatrixMulKernel_3<int=16>(float*, float const *, float const *, int)",12,2092,0,1920,0,10560,0,10560,0,10560,0,3256,0,33,0,43304,0,544,0,10560,0,0,10560,480,3891982756,181216,11,11,1,16,16,1,0,,
"Memcpy DtoH [sync]",,,,,,,,,,,,,,,,,,,,,,,,,3892210338,25536,,,,,,,,123904,4852130325
"Memcpy HtoD [sync]",,,,,,,,,,,,,,,,,,,,,,,,,3938558329,88480,,,,,,,,495616,5601446654
"Memcpy HtoD [sync]",,,,,,,,,,,,,,,,,,,,,,,,,3938792473,87872,,,,,,,,495616,5640203932
"void MatrixMulKernel_3<int=16>(float*, float const *, float const *, int)",12,2092,0,7680,0,84480,0,84480,0,84480,0,22960,0,120,0,368352,0,1920,0,85888,0,0,85888,1968,3938884409,1296640,22,22,1,16,16,1,0,,
"Memcpy DtoH [sync]",,,,,,,,,,,,,,,,,,,,,,,,,3940260886,92158,,,,,,,,495616,5377894485
"Memcpy HtoD [sync]",,,,,,,,,,,,,,,,,,,,,,,,,3989655083,195552,,,,,,,,1115136,5702503681
"Memcpy HtoD [sync]",,,,,,,,,,,,,,,,,,,,,,,,,3990147275,194880,,,,,,,,1115136,5722167487
"void MatrixMulKernel_3<int=16>(float*, float const *, float const *, int)",12,2092,0,17344,0,286176,0,287232,0,287232,0,73336,0,271,0,1238360,0,4368,0,288288,0,0,288288,4336,3990346219,4074912,33,33,1,16,16,1,0,,
"Memcpy DtoH [sync]",,,,,,,,,,,,,,,,,,,,,,,,,3994620580,200701,,,,,,,,1115136,5556205499
"Memcpy HtoD [sync]",,,,,,,,,,,,,,,,,,,,,,,,,4046356730,25376,,,,,,,,123904,4882723833
"Memcpy HtoD [sync]",,,,,,,,,,,,,,,,,,,,,,,,,4046463002,24672,,,,,,,,123904,5022049286
"void MatrixMulKernel_3<int=22>(float*, float const *, float const *, int)",13,3916,0,3020,0,13002,7801,7440,2706,4267,0,2240,0,15,43746,47391,542,307,210,17018,0,0,13761,496,4046491770,374208,8,8,1,22,22,1,0,,
"Memcpy DtoH [sync]",,,,,,,,,,,,,,,,,,,,,,,,,4047479439,26271,,,,,,,,123904,4716379277
"Memcpy HtoD [sync]",,,,,,,,,,,,,,,,,,,,,,,,,4099191694,88512,,,,,,,,495616,5599421547
"Memcpy HtoD [sync]",,,,,,,,,,,,,,,,,,,,,,,,,4099442542,87712,,,,,,,,495616,5650492520
"void MatrixMulKernel_3<int=22>(float*, float const *, float const *, int)",13,3916,0,14546,0,125136,64912,63488,23392,38096,0,16640,0,63,366675,373658,1847,1333,681,125696,0,0,102470,2015,4099534318,2342880,16,16,1,22,22,1,0,,
"Memcpy DtoH [sync]",,,,,,,,,,,,,,,,,,,,,,,,,4102130370,91710,,,,,,,,495616,5404165303
"Memcpy HtoD [sync]",,,,,,,,,,,,,,,,,,,,,,,,,4151812027,195808,,,,,,,,1115136,5695048210
"Memcpy HtoD [sync]",,,,,,,,,,,,,,,,,,,,,,,,,4152275739,194432,,,,,,,,1115136,5735352205
"void MatrixMulKernel_3<int=22>(float*, float const *, float const *, int)",13,3916,0,33480,0,433442,217386,211296,81268,123334,0,58368,0,144,1283210,1279512,4392,2887,1868,439710,0,0,354520,4495,4152474267,7388672,24,24,1,22,22,1,0,,
"Memcpy DtoH [sync]",,,,,,,,,,,,,,,,,,,,,,,,,4160107919,202875,,,,,,,,1115136,5496665434
"Memcpy HtoD [sync]",,,,,,,,,,,,,,,,,,,,,,,,,4210716518,32768,,,,,,,,65536,2000000000
"Memcpy HtoD [sync]",,,,,,,,,,,,,,,,,,,,,,,,,4210797926,32224,,,,,,,,65536,2033763654
"void MatrixMulKernel_3<int=8>(float*, float const *, float const *, int)",12,556,0,992,0,15872,16640,8320,0,0,0,1976,0,62,33254,23019,496,0,0,17408,0,0,17408,272,4210836582,140480,16,16,1,8,8,1,0,,
"Memcpy DtoH [sync]",,,,,,,,,,,,,,,,,,,,,,,,,4211022147,16160,,,,,,,,65536,4055445544
"Memcpy HtoD [sync]",,,,,,,,,,,,,,,,,,,,,,,,,4254962108,48160,,,,,,,,262144,5443189368
"Memcpy HtoD [sync]",,,,,,,,,,,,,,,,,,,,,,,,,4255115516,47552,,,,,,,,262144,5512786002
"void MatrixMulKernel_3<int=8>(float*, float const *, float const *, int)",12,556,0,4096,0,131072,130560,65280,0,0,0,17200,0,257,242682,163075,2048,0,0,130560,0,0,130560,1024,4255167164,929856,32,32,1,8,8,1,0,,
"Memcpy DtoH [sync]",,,,,,,,,,,,,,,,,,,,,,,,,4256147995,48992,,,,,,,,262144,5350751143
"Memcpy HtoD [sync]",,,,,,,,,,,,,,,,,,,,,,,,,4305161490,103840,,,,,,,,589824,5680123266
"Memcpy HtoD [sync]",,,,,,,,,,,,,,,,,,,,,,,,,4305462130,103136,,,,,,,,589824,5718895439
"void MatrixMulKernel_3<int=8>(float*, float const *, float const *, int)",12,556,0,9216,0,442368,442368,221184,0,0,0,56832,0,576,806339,536082,4608,0,0,442368,0,0,442368,2304,4305569426,3034336,48,48,1,8,8,1,0,,
"Memcpy DtoH [sync]",,,,,,,,,,,,,,,,,,,,,,,,,4308710252,107902,,,,,,,,589824,5466293488
"Memcpy HtoD [sync]",,,,,,,,,,,,,,,,,,,,,,,,,4359626848,177248,,,,,,,,1048576,5915869290
"Memcpy HtoD [sync]",,,,,,,,,,,,,,,,,,,,,,,,,4360064096,177120,,,,,,,,1048576,5920144534
"void MatrixMulKernel_3<int=8>(float*, float const *, float const *, int)",12,556,0,16416,0,1050624,1048576,524288,0,0,0,134064,0,1024,1893728,1261317,8184,0,0,1051648,0,0,1051648,4100,4360245280,7001312,64,64,1,8,8,1,0,,
"Memcpy DtoH [sync]",,,,,,,,,,,,,,,,,,,,,,,,,4367863214,182908,,,,,,,,1048576,5732805563
"Memcpy HtoD [sync]",,,,,,,,,,,,,,,,,,,,,,,,,4419686857,283168,,,,,,,,1638400,5785964515
"Memcpy HtoD [sync]",,,,,,,,,,,,,,,,,,,,,,,,,4420383945,282624,,,,,,,,1638400,5797101449
"void MatrixMulKernel_3<int=8>(float*, float const *, float const *, int)",12,556,0,25536,0,2042880,2056960,1028480,0,0,0,261568,0,1602,3725909,2452459,12744,0,0,2051840,0,0,2051840,6384,4420670633,13819520,80,80,1,8,8,1,0,,
"Memcpy DtoH [sync]",,,,,,,,,,,,,,,,,,,,,,,,,4434573340,291961,,,,,,,,1638400,5611708413
"Memcpy HtoD [sync]",,,,,,,,,,,,,,,,,,,,,,,,,4488165102,32768,,,,,,,,65536,2000000000
"Memcpy HtoD [sync]",,,,,,,,,,,,,,,,,,,,,,,,,4488246478,32224,,,,,,,,65536,2033763654
"void MatrixMulKernel_3<int=16>(float*, float const *, float const *, int)",12,2092,0,768,0,3072,0,3072,0,3072,0,1568,0,18,0,14464,0,240,0,3840,0,0,3840,208,4488285134,92608,8,8,1,16,16,1,0,,
"Memcpy DtoH [sync]",,,,,,,,,,,,,,,,,,,,,,,,,4488423115,15967,,,,,,,,65536,4104465460
"Memcpy HtoD [sync]",,,,,,,,,,,,,,,,,,,,,,,,,4532780356,48096,,,,,,,,262144,5450432468
"Memcpy HtoD [sync]",,,,,,,,,,,,,,,,,,,,,,,,,4532939012,47520,,,,,,,,262144,5516498316
"void MatrixMulKernel_3<int=16>(float*, float const *, float const *, int)",12,2092,0,4032,0,32256,0,30720,0,30720,0,8736,0,64,0,136192,0,1056,0,32256,0,0,32256,992,4532990660,519392,16,16,1,16,16,1,0,,
"Memcpy DtoH [sync]",,,,,,,,,,,,,,,,,,,,,,,,,4533557122,48895,,,,,,,,262144,5361366192
"Memcpy HtoD [sync]",,,,,,,,,,,,,,,,,,,,,,,,,4581272250,103808,,,,,,,,589824,5681874229
"Memcpy HtoD [sync]",,,,,,,,,,,,,,,,,,,,,,,,,4581576538,103296,,,,,,,,589824,5710037174
"void MatrixMulKernel_3<int=16>(float*, float const *, float const *, int)",12,2092,0,9280,0,111360,0,111360,0,111360,0,29184,0,143,0,480416,0,2320,0,109824,0,0,109824,2320,4581683898,1641952,24,24,1,16,16,1,0,,
"Memcpy DtoH [sync]",,,,,,,,,,,,,,,,,,,,,,,,,4583430101,106142,,,,,,,,589824,5556933165
"Memcpy HtoD [sync]",,,,,,,,,,,,,,,,,,,,,,,,,4633540107,177408,,,,,,,,1048576,5910533910
"Memcpy HtoD [sync]",,,,,,,,,,,,,,,,,,,,,,,,,4634005035,176960,,,,,,,,1048576,5925497287
"void MatrixMulKernel_3<int=16>(float*, float const *, float const *, int)",12,2092,0,16448,0,263168,0,260096,0,260096,0,68000,0,257,0,1109504,0,4080,0,261120,0,0,261120,4112,4634186091,3764128,32,32,1,16,16,1,0,,
"Memcpy DtoH [sync]",,,,,,,,,,,,,,,,,,,,,,,,,4638185505,184123,,,,,,,,1048576,5694975641
"Memcpy HtoD [sync]",,,,,,,,,,,,,,,,,,,,,,,,,4689103128,283328,,,,,,,,1638400,5782697086
"Memcpy HtoD [sync]",,,,,,,,,,,,,,,,,,,,,,,,,4689785592,282656,,,,,,,,1638400,5796445148
"void MatrixMulKernel_3<int=16>(float*, float const *, float const *, int)",12,2092,0,25664,0,513280,0,513280,0,513280,0,130944,0,397,0,2182296,0,6432,0,513280,0,0,513280,6384,4690072280,7300800,40,40,1,16,16,1,0,,
"Memcpy DtoH [sync]",,,,,,,,,,,,,,,,,,,,,,,,,4697986402,292601,,,,,,,,1638400,5599434041
"Memcpy HtoD [sync]",,,,,,,,,,,,,,,,,,,,,,,,,4751588673,32768,,,,,,,,65536,2000000000
"Memcpy HtoD [sync]",,,,,,,,,,,,,,,,,,,,,,,,,4751669889,32224,,,,,,,,65536,2033763654
"void MatrixMulKernel_4a<int=8>(float*, float const *, float const *, int)",13,556,0,1008,0,17136,17136,8568,0,0,0,2288,0,65,30467,20980,528,0,0,17408,0,0,17408,260,4751708609,144864,16,16,1,8,8,1,0,,
"Memcpy DtoH [sync]",,,,,,,,,,,,,,,,,,,,,,,,,4751898590,16224,,,,,,,,65536,4039447731
"Memcpy HtoD [sync]",,,,,,,,,,,,,,,,,,,,,,,,,4797481368,48032,,,,,,,,262144,5457694870
"Memcpy HtoD [sync]",,,,,,,,,,,,,,,,,,,,,,,,,4797639160,47328,,,,,,,,262144,5538877620
"void MatrixMulKernel_4a<int=8>(float*, float const *, float const *, int)",13,556,0,4096,0,135168,135696,67848,0,0,0,16800,0,255,238712,167980,2064,0,0,135168,0,0,135168,1012,4797690584,939968,32,32,1,8,8,1,0,,
"Memcpy DtoH [sync]",,,,,,,,,,,,,,,,,,,,,,,,,4798681012,48928,,,,,,,,262144,5357750163
"Memcpy HtoD [sync]",,,,,,,,,,,,,,,,,,,,,,,,,4847177324,104000,,,,,,,,589824,5671384615
"Memcpy HtoD [sync]",,,,,,,,,,,,,,,,,,,,,,,,,4847468684,103296,,,,,,,,589824,5710037174
"void MatrixMulKernel_4a<int=8>(float*, float const *, float const *, int)",13,556,0,9216,0,451584,451584,225792,0,0,0,56832,0,576,802313,557586,4608,0,0,451584,0,0,451584,2304,4847576044,3061792,48,48,1,8,8,1,0,,
"Memcpy DtoH [sync]",,,,,,,,,,,,,,,,,,,,,,,,,4850721319,107836,,,,,,,,589824,5469639081
"Memcpy HtoD [sync]",,,,,,,,,,,,,,,,,,,,,,,,,4900785947,176928,,,,,,,,1048576,5926568999
"Memcpy HtoD [sync]",,,,,,,,,,,,,,,,,,,,,,,,,4901307163,176992,,,,,,,,1048576,5924425962
"void MatrixMulKernel_4a<int=8>(float*, float const *, float const *, int)",13,556,0,16416,0,1067040,1067040,533520,0,0,0,133672,0,1024,1888477,1310564,8208,0,0,1066000,0,0,1066000,4112,4901488219,7093216,64,64,1,8,8,1,0,,
"Memcpy DtoH [sync]",,,,,,,,,,,,,,,,,,,,,,,,,4908674450,183675,,,,,,,,1048576,5708866203
"Memcpy HtoD [sync]",,,,,,,,,,,,,,,,,,,,,,,,,4960261925,283392,,,,,,,,1638400,5781391147
"Memcpy HtoD [sync]",,,,,,,,,,,,,,,,,,,,,,,,,4960939845,282336,,,,,,,,1638400,5803014847
"void MatrixMulKernel_4a<int=8>(float*, float const *, float const *, int)",13,556,0,25648,0,2077488,2074896,1037448,0,0,0,260104,0,1597,3691001,2532340,12784,0,0,2072304,0,0,2072304,6400,4961226245,13950176,80,80,1,8,8,1,0,,
"Memcpy DtoH [sync]",,,,,,,,,,,,,,,,,,,,,,,,,4975284310,290713,,,,,,,,1638400,5635798880
"Memcpy HtoD [sync]",,,,,,,,,,,,,,,,,,,,,,,,,5029928072,32768,,,,,,,,65536,2000000000
"Memcpy HtoD [sync]",,,,,,,,,,,,,,,,,,,,,,,,,5030030056,32224,,,,,,,,65536,2033763654
"void MatrixMulKernel_4a<int=16>(float*, float const *, float const *, int)",13,2092,0,832,0,3744,0,4608,0,4608,0,1344,0,16,0,14976,0,208,0,4320,0,0,4320,320,5030068744,91392,8,8,1,16,16,1,0,,
"Memcpy DtoH [sync]",,,,,,,,,,,,,,,,,,,,,,,,,5030771420,16448,,,,,,,,65536,3984435797
"Memcpy HtoD [sync]",,,,,,,,,,,,,,,,,,,,,,,,,5074777758,48288,,,,,,,,262144,5428760768
"Memcpy HtoD [sync]",,,,,,,,,,,,,,,,,,,,,,,,,5075121310,47296,,,,,,,,262144,5542625169
"void MatrixMulKernel_4a<int=16>(float*, float const *, float const *, int)",13,2092,0,4032,0,34272,0,33728,0,33728,0,8320,0,63,0,140032,0,1024,0,34272,0,0,34272,1072,5075172670,525472,16,16,1,16,16,1,0,,
"Memcpy DtoH [sync]",,,,,,,,,,,,,,,,,,,,,,,,,5075813884,48896,,,,,,,,262144,5361256544
"Memcpy HtoD [sync]",,,,,,,,,,,,,,,,,,,,,,,,,5124431443,104000,,,,,,,,589824,5671384615
"Memcpy HtoD [sync]",,,,,,,,,,,,,,,,,,,,,,,,,5124718707,103424,,,,,,,,589824,5702970297
"void MatrixMulKernel_4a<int=16>(float*, float const *, float const *, int)",13,2092,0,9216,0,115200,0,116000,0,116000,0,29184,0,144,0,492704,0,2304,0,115200,0,0,115200,2304,5124826195,1631680,24,24,1,16,16,1,0,,
"Memcpy DtoH [sync]",,,,,,,,,,,,,,,,,,,,,,,,,5126562479,107742,,,,,,,,589824,5474411093
"Memcpy HtoD [sync]",,,,,,,,,,,,,,,,,,,,,,,,,5177817475,177248,,,,,,,,1048576,5915869290
"Memcpy HtoD [sync]",,,,,,,,,,,,,,,,,,,,,,,,,5178272451,176896,,,,,,,,1048576,5927641099
"void MatrixMulKernel_4a<int=16>(float*, float const *, float const *, int)",13,2092,0,16320,0,269280,0,266112,0,266112,0,68800,0,258,0,1136384,0,4080,0,269280,0,0,269280,4128,5178453411,3809120,32,32,1,16,16,1,0,,
"Memcpy DtoH [sync]",,,,,,,,,,,,,,,,,,,,,,,,,5182353629,182037,,,,,,,,1048576,5760235556
"Memcpy HtoD [sync]",,,,,,,,,,,,,,,,,,,,,,,,,5234940208,283520,,,,,,,,1638400,5778781038
"Memcpy HtoD [sync]",,,,,,,,,,,,,,,,,,,,,,,,,5235595984,282656,,,,,,,,1638400,5796445148
"void MatrixMulKernel_4a<int=16>(float*, float const *, float const *, int)",13,2092,0,25536,0,523488,0,528736,0,528736,0,130944,0,400,0,2216576,0,6400,0,523488,0,0,523488,6368,5235882736,7356448,40,40,1,16,16,1,0,,
"Memcpy DtoH [sync]",,,,,,,,,,,,,,,,,,,,,,,,,5243347814,292537,,,,,,,,1638400,5600659061
"Memcpy HtoD [sync]",,,,,,,,,,,,,,,,,,,,,,,,,5295672858,32800,,,,,,,,65536,1998048780
"Memcpy HtoD [sync]",,,,,,,,,,,,,,,,,,,,,,,,,5295751578,32224,,,,,,,,65536,2033763654
"void MatrixMulKernel_4b<int=8>(float*, float const *, float const *, int)",14,1068,0,1056,0,17952,15232,7616,0,0,0,2184,0,66,33550,29920,520,0,0,18224,0,0,18224,260,5295790266,155968,16,16,1,8,8,1,0,,
"Memcpy DtoH [sync]",,,,,,,,,,,,,,,,,,,,,,,,,5295994328,16255,,,,,,,,65536,4031744078
"Memcpy HtoD [sync]",,,,,,,,,,,,,,,,,,,,,,,,,5340767248,48224,,,,,,,,262144,5435965494
"Memcpy HtoD [sync]",,,,,,,,,,,,,,,,,,,,,,,,,5340918672,47552,,,,,,,,262144,5512786002
"void MatrixMulKernel_4b<int=8>(float*, float const *, float const *, int)",14,1068,0,4080,0,134640,135696,67848,0,0,0,17400,0,258,238882,203492,2032,0,0,134640,0,0,134640,1044,5340970288,1068800,32,32,1,8,8,1,0,,
"Memcpy DtoH [sync]",,,,,,,,,,,,,,,,,,,,,,,,,5342092079,48927,,,,,,,,262144,5357859668
"Memcpy HtoD [sync]",,,,,,,,,,,,,,,,,,,,,,,,,5390196260,103840,,,,,,,,589824,5680123266
"Memcpy HtoD [sync]",,,,,,,,,,,,,,,,,,,,,,,,,5390503492,103360,,,,,,,,589824,5706501547
"void MatrixMulKernel_4b<int=8>(float*, float const *, float const *, int)",14,1068,0,9216,0,451584,451584,225792,0,0,0,56832,0,576,801115,669328,4608,0,0,451584,0,0,451584,2304,5390610916,3460800,48,48,1,8,8,1,0,,
"Memcpy DtoH [sync]",,,,,,,,,,,,,,,,,,,,,,,,,5394120096,106335,,,,,,,,589824,5546847228
"Memcpy HtoD [sync]",,,,,,,,,,,,,,,,,,,,,,,,,5444080276,177248,,,,,,,,1048576,5915869290
"Memcpy HtoD [sync]",,,,,,,,,,,,,,,,,,,,,,,,,5444521396,176576,,,,,,,,1048576,5938383472
"void MatrixMulKernel_4b<int=8>(float*, float const *, float const *, int)",14,1068,0,16384,0,1064960,1063920,531960,0,0,0,133280,0,1024,1879001,1570662,8216,0,0,1064960,0,0,1064960,4096,5444702004,8023040,64,64,1,8,8,1,0,,
"Memcpy DtoH [sync]",,,,,,,,,,,,,,,,,,,,,,,,,5452829579,183772,,,,,,,,1048576,5705852904
"Memcpy HtoD [sync]",,,,,,,,,,,,,,,,,,,,,,,,,5503694942,283584,,,,,,,,1638400,5777476867
"Memcpy HtoD [sync]",,,,,,,,,,,,,,,,,,,,,,,,,5504390590,282464,,,,,,,,1638400,5800385181
"void MatrixMulKernel_4b<int=8>(float*, float const *, float const *, int)",14,1068,0,25616,0,2074896,2076192,1038096,0,0,0,260592,0,1604,3697602,3051974,12816,0,0,2069712,0,0,2069712,6400,5504677118,15838080,80,80,1,8,8,1,0,,
"Memcpy DtoH [sync]",,,,,,,,,,,,,,,,,,,,,,,,,5520621007,292441,,,,,,,,1638400,5602497597
"Memcpy HtoD [sync]",,,,,,,,,,,,,,,,,,,,,,,,,5574223840,32768,,,,,,,,65536,2000000000
"Memcpy HtoD [sync]",,,,,,,,,,,,,,,,,,,,,,,,,5574305664,32288,,,,,,,,65536,2029732408
"void MatrixMulKernel_4b<int=16>(float*, float const *, float const *, int)",14,4140,0,960,0,4320,0,4896,0,4896,0,1120,0,17,0,20816,0,272,0,4032,0,0,4032,256,5574344416,92608,8,8,1,16,16,1,0,,
"Memcpy DtoH [sync]",,,,,,,,,,,,,,,,,,,,,,,,,5574514973,16128,,,,,,,,65536,4063492063
"Memcpy HtoD [sync]",,,,,,,,,,,,,,,,,,,,,,,,,5619305174,48352,,,,,,,,262144,5421575115
"Memcpy HtoD [sync]",,,,,,,,,,,,,,,,,,,,,,,,,5619455158,47520,,,,,,,,262144,5516498316
"void MatrixMulKernel_4b<int=16>(float*, float const *, float const *, int)",14,4140,0,3968,0,33728,0,33728,0,33728,0,8736,0,63,0,179600,0,1040,0,34816,0,0,34816,1040,5619506742,609952,16,16,1,16,16,1,0,,
"Memcpy DtoH [sync]",,,,,,,,,,,,,,,,,,,,,,,,,5620164117,48861,,,,,,,,262144,5365096907
"Memcpy HtoD [sync]",,,,,,,,,,,,,,,,,,,,,,,,,5664750957,103840,,,,,,,,589824,5680123266
"Memcpy HtoD [sync]",,,,,,,,,,,,,,,,,,,,,,,,,5665058317,103520,,,,,,,,589824,5697681607
"void MatrixMulKernel_4b<int=16>(float*, float const *, float const *, int)",14,4140,0,9088,0,113600,0,114400,0,114400,0,29184,0,144,0,549905,0,2320,0,114400,0,0,114400,2304,5665165997,1955840,24,24,1,16,16,1,0,,
"Memcpy DtoH [sync]",,,,,,,,,,,,,,,,,,,,,,,,,5667238218,106206,,,,,,,,589824,5553584543
"Memcpy HtoD [sync]",,,,,,,,,,,,,,,,,,,,,,,,,5716620576,177216,,,,,,,,1048576,5916937522
"Memcpy HtoD [sync]",,,,,,,,,,,,,,,,,,,,,,,,,5717062048,176896,,,,,,,,1048576,5927641099
"void MatrixMulKernel_4b<int=16>(float*, float const *, float const *, int)",14,4140,0,16320,0,269280,0,272448,0,272448,0,68800,0,257,0,1298960,0,4064,0,270336,0,0,270336,4112,5717243968,4430144,32,32,1,16,16,1,0,,
"Memcpy DtoH [sync]",,,,,,,,,,,,,,,,,,,,,,,,,5721783642,184254,,,,,,,,1048576,5690926655
"Memcpy HtoD [sync]",,,,,,,,,,,,,,,,,,,,,,,,,5773063245,283552,,,,,,,,1638400,5778128879
"Memcpy HtoD [sync]",,,,,,,,,,,,,,,,,,,,,,,,,5773740301,282656,,,,,,,,1638400,5796445148
"void MatrixMulKernel_4b<int=16>(float*, float const *, float const *, int)",14,4140,0,25536,0,523488,0,524800,0,524800,0,130944,0,401,0,2512785,0,6416,0,526112,0,0,526112,6384,5774027053,8606368,40,40,1,16,16,1,0,,
"Memcpy DtoH [sync]",,,,,,,,,,,,,,,,,,,,,,,,,5783246777,291481,,,,,,,,1638400,5620949564
"Memcpy HtoD [sync]",,,,,,,,,,,,,,,,,,,,,,,,,5836143957,32864,,,,,,,,65536,1994157740
"Memcpy HtoD [sync]",,,,,,,,,,,,,,,,,,,,,,,,,5836233173,32192,,,,,,,,65536,2035785288
"void MatrixMulKernel_5<int=8>(float*, float const *, float const *, int)",23,1068,0,2048,0,8704,4352,4352,0,4352,0,624,0,16,31803,17547,0,512,0,8704,0,0,8704,256,5836271797,118496,8,8,1,8,8,1,0,,
"Memcpy DtoH [sync]",,,,,,,,,,,,,,,,,,,,,,,,,5836438996,15967,,,,,,,,65536,4104465460
"Memcpy HtoD [sync]",,,,,,,,,,,,,,,,,,,,,,,,,5881842027,48032,,,,,,,,262144,5457694870
"Memcpy HtoD [sync]",,,,,,,,,,,,,,,,,,,,,,,,,5882004107,47520,,,,,,,,262144,5516498316
"void MatrixMulKernel_5<int=8>(float*, float const *, float const *, int)",23,1068,0,7936,0,65472,36432,36432,0,36432,0,4400,0,59,233535,124845,0,2016,0,65472,0,0,65472,1024,5882055691,877280,16,16,1,8,8,1,0,,
"Memcpy DtoH [sync]",,,,,,,,,,,,,,,,,,,,,,,,,5882984457,48865,,,,,,,,262144,5364657730
"Memcpy HtoD [sync]",,,,,,,,,,,,,,,,,,,,,,,,,5932251296,103936,,,,,,,,589824,5674876847
"Memcpy HtoD [sync]",,,,,,,,,,,,,,,,,,,,,,,,,5932510752,103488,,,,,,,,589824,5699443413
"void MatrixMulKernel_5<int=8>(float*, float const *, float const *, int)",23,1068,0,18432,0,225792,112896,112896,0,112896,0,14208,0,144,763138,404465,0,4608,0,225792,0,0,225792,2304,5932618304,2622112,24,24,1,8,8,1,0,,
"Memcpy DtoH [sync]",,,,,,,,,,,,,,,,,,,,,,,,,5935347547,108159,,,,,,,,589824,5453304856
"Memcpy HtoD [sync]",,,,,,,,,,,,,,,,,,,,,,,,,5986287023,177248,,,,,,,,1048576,5915869290
"Memcpy HtoD [sync]",,,,,,,,,,,,,,,,,,,,,,,,,5986750607,176608,,,,,,,,1048576,5937307483
"void MatrixMulKernel_5<int=8>(float*, float const *, float const *, int)",23,1068,0,32512,0,528320,265200,265200,0,265200,0,34104,0,263,1860658,983681,0,8256,0,530400,0,0,530400,4048,5986931279,6247616,32,32,1,8,8,1,0,,
"Memcpy DtoH [sync]",,,,,,,,,,,,,,,,,,,,,,,,,5993288583,183517,,,,,,,,1048576,5713781284
"Memcpy HtoD [sync]",,,,,,,,,,,,,,,,,,,,,,,,,6045529753,283680,,,,,,,,1638400,5775521714
"Memcpy HtoD [sync]",,,,,,,,,,,,,,,,,,,,,,,,,6046211769,282368,,,,,,,,1638400,5802357207
"void MatrixMulKernel_5<int=8>(float*, float const *, float const *, int)",23,1068,0,51968,0,1052352,528768,528768,0,528768,0,63440,0,396,3522511,1852707,0,12512,0,1026432,0,0,1026432,6240,6046498201,12046976,40,40,1,8,8,1,0,,
"Memcpy DtoH [sync]",,,,,,,,,,,,,,,,,,,,,,,,,6058743691,291543,,,,,,,,1638400,5619754204
"Memcpy HtoD [sync]",,,,,,,,,,,,,,,,,,,,,,,,,6111875294,32768,,,,,,,,65536,2000000000
"Memcpy HtoD [sync]",,,,,,,,,,,,,,,,,,,,,,,,,6111956478,32352,,,,,,,,65536,2025717111
"void MatrixMulKernel_5<int=16>(float*, float const *, float const *, int)",34,4140,0,3072,0,3456,0,2304,1152,1152,0,224,0,4,17167,25750,0,0,320,2304,0,0,1408,256,6111995262,138752,4,4,1,16,16,1,0,,
"Memcpy DtoH [sync]",,,,,,,,,,,,,,,,,,,,,,,,,6112179516,16032,,,,,,,,65536,4087824351
"Memcpy HtoD [sync]",,,,,,,,,,,,,,,,,,,,,,,,,6156517684,48160,,,,,,,,262144,5443189368
"Memcpy HtoD [sync]",,,,,,,,,,,,,,,,,,,,,,,,,6156704948,47552,,,,,,,,262144,5512786002
"void MatrixMulKernel_5<int=16>(float*, float const *, float const *, int)",34,4140,0,8192,0,17408,0,16320,8160,8160,0,2080,0,15,86013,125143,0,0,1024,17408,0,0,9728,960,6156756564,762688,8,8,1,16,16,1,0,,
"Memcpy DtoH [sync]",,,,,,,,,,,,,,,,,,,,,,,,,6157622707,48895,,,,,,,,262144,5361366192
"Memcpy HtoD [sync]",,,,,,,,,,,,,,,,,,,,,,,,,6204598634,104096,,,,,,,,589824,5666154319
"Memcpy HtoD [sync]",,,,,,,,,,,,,,,,,,,,,,,,,6204885578,103424,,,,,,,,589824,5702970297
"void MatrixMulKernel_5<int=16>(float*, float const *, float const *, int)",34,4140,0,18432,0,57600,0,57600,28800,28800,0,7296,0,36,307547,446257,0,0,2304,57600,0,0,31104,2304,6204993066,2287264,12,12,1,16,16,1,0,,
"Memcpy DtoH [sync]",,,,,,,,,,,,,,,,,,,,,,,,,6207365446,108062,,,,,,,,589824,5458199922
"Memcpy HtoD [sync]",,,,,,,,,,,,,,,,,,,,,,,,,6257330139,177120,,,,,,,,1048576,5920144534
"Memcpy HtoD [sync]",,,,,,,,,,,,,,,,,,,,,,,,,6257765915,176736,,,,,,,,1048576,5933007423
"void MatrixMulKernel_5<int=16>(float*, float const *, float const *, int)",34,4140,0,33280,0,137280,0,137280,68640,68640,0,16800,0,63,716823,1036270,0,0,4224,135168,0,0,71680,4096,6257946715,5471200,16,16,1,16,16,1,0,,
"Memcpy DtoH [sync]",,,,,,,,,,,,,,,,,,,,,,,,,6263525140,183837,,,,,,,,1048576,5703835462
"Memcpy HtoD [sync]",,,,,,,,,,,,,,,,,,,,,,,,,6314715399,283520,,,,,,,,1638400,5778781038
"Memcpy HtoD [sync]",,,,,,,,,,,,,,,,,,,,,,,,,6315397639,282560,,,,,,,,1638400,5798414496
"void MatrixMulKernel_5<int=16>(float*, float const *, float const *, int)",34,4140,0,51712,0,265024,0,262400,131200,131200,0,32736,0,100,1408957,2029657,0,0,6400,262400,0,0,137600,6400,6315684263,10631680,20,20,1,16,16,1,0,,
"Memcpy DtoH [sync]",,,,,,,,,,,,,,,,,,,,,,,,,6326422940,290904,,,,,,,,1638400,5632098561
