Name,Start Time(ns),Duration(ns),GridX,GridY,GridZ,BlockX,BlockY,BlockZ,Registers/Thread,Static Shared Memory,Dynamic Shared Memory,Size(bytes),Throughput(bytes/sec),Global Store Efficiency,Global Load Efficiency,Requested Global Load Throughput(bytes/sec),Branch Efficiency(%),Requested Global Store Throughput(bytes/sec),gld coalesced,gld uncoalesced,gst request,gst total,gst 64B,gst 32B,cta launched,sm cta launched,local load,local store,gld 128B,gld 64B,gst uncoalesced,gst coalesced,gld total,gst 128B,gld 32B,gld request,prof trigger 07,prof trigger 06,prof trigger 05,prof trigger 04,tex cache hit,tex cache miss,warp serialize,instructions,divergent branch,branch,prof trigger 03,prof trigger 02,prof trigger 01,prof trigger 00
"Memcpy HtoD [sync]",52113333,30176,,,,,,,,,,123904,4106044538,,,,,,,,,,,,,,,,,,,,,,,,,,,,,,,,,,,,,
"Memcpy HtoD [sync]",52282901,29792,,,,,,,,,,123904,4158968850,,,,,,,,,,,,,,,,,,,,,,,,,,,,,,,,,,,,,
"MatrixMulKernel_1(float const *, float const *, float*, int)",52316181,37068576,1,1,1,8,8,1,17,32,0,,,13,5,18,893754868,100,3381440,1022208,0,968,1022208,0,3872,1,1,0,0,0,0,0,7744,1022208,0,1022208,340736,0,0,0,0,0,0,0,1218890,0,175308,0,0,0,0
"Memcpy DtoH [sync]",89471893,29536,,,,,,,,,,123904,4195016251,,,,,,,,,,,,,,,,,,,,,,,,,,,,,,,,,,,,,
"Memcpy HtoD [sync]",137092009,110848,,,,,,,,,,495616,4471131639,,,,,,,,,,,,,,,,,,,,,,,,,,,,,,,,,,,,,
"Memcpy HtoD [sync]",137417545,109440,,,,,,,,,,495616,4528654970,,,,,,,,,,,,,,,,,,,,,,,,,,,,,,,,,,,,,
"MatrixMulKernel_1(float const *, float const *, float*, int)",137530473,293198976,1,1,1,8,8,1,17,32,0,,,13,5,18,892885675,100,1692168,8177664,0,3872,8177664,0,15488,1,1,0,0,0,0,0,30976,8177664,0,8177664,2725888,0,0,0,0,0,0,0,9643438,0,1382492,0,0,0,0
"Memcpy DtoH [sync]",432018441,109504,,,,,,,,,,495616,4526008182,,,,,,,,,,,,,,,,,,,,,,,,,,,,,,,,,,,,,
"Memcpy HtoD [sync]",486418602,243808,,,,,,,,,,1115136,4573828586,,,,,,,,,,,,,,,,,,,,,,,,,,,,,,,,,,,,,
"Memcpy HtoD [sync]",487029994,212320,,,,,,,,,,1115136,5252147701,,,,,,,,,,,,,,,,,,,,,,,,,,,,,,,,,,,,,
"MatrixMulKernel_1(float const *, float const *, float*, int)",487245802,988727520,1,1,1,8,8,1,17,32,0,,,13,5,18,893698811,100,1128936,27599616,0,8712,27599616,0,34848,1,1,0,0,0,0,0,69696,27599616,0,27599616,9199872,0,0,0,0,0,0,0,32429234,0,4643772,0,0,0,0
"Memcpy DtoH [sync]",1477236778,242944,,,,,,,,,,1115136,4590094836,,,,,,,,,,,,,,,,,,,,,,,,,,,,,,,,,,,,,
"Memcpy HtoD [sync]",1533460924,30304,,,,,,,,,,123904,4088701161,,,,,,,,,,,,,,,,,,,,,,,,,,,,,,,,,,,,,
"Memcpy HtoD [sync]",1534496540,30368,,,,,,,,,,123904,4080084299,,,,,,,,,,,,,,,,,,,,,,,,,,,,,,,,,,,,,
"MatrixMulKernel_1(float const *, float const *, float*, int)",1534530396,9419776,1,1,1,16,16,1,17,32,0,,,27,27,3469816700,100,13125601,681472,0,968,681472,1936,0,1,1,0,0,0,340736,0,7744,681472,0,340736,340736,0,0,0,0,0,0,0,1220304,0,175432,0,0,0,0
"Memcpy DtoH [sync]",1544074428,29248,,,,,,,,,,123904,4236323851,,,,,,,,,,,,,,,,,,,,,,,,,,,,,,,,,,,,,
"Memcpy HtoD [sync]",1590741412,109920,,,,,,,,,,495616,4508879184,,,,,,,,,,,,,,,,,,,,,,,,,,,,,,,,,,,,,
"Memcpy HtoD [sync]",1591062948,109088,,,,,,,,,,495616,4543267820,,,,,,,,,,,,,,,,,,,,,,,,,,,,,,,,,,,,,
"MatrixMulKernel_1(float const *, float const *, float*, int)",1591175524,75047232,1,1,1,16,16,1,17,32,0,,,27,27,3488956516,100,6615018,5451776,0,3872,5451776,7744,0,1,1,0,0,0,2725888,0,30976,5451776,0,2725888,2725888,0,0,0,0,0,0,0,9645864,0,1382704,0,0,0,0
"Memcpy DtoH [sync]",1667277124,109408,,,,,,,,,,495616,4529979526,,,,,,,,,,,,,,,,,,,,,,,,,,,,,,,,,,,,,
"Memcpy HtoD [sync]",1721804675,243520,,,,,,,,,,1115136,4579237844,,,,,,,,,,,,,,,,,,,,,,,,,,,,,,,,,,,,,
"Memcpy HtoD [sync]",1722389443,212320,,,,,,,,,,1115136,5252147701,,,,,,,,,,,,,,,,,,,,,,,,,,,,,,,,,,,,,
"MatrixMulKernel_1(float const *, float const *, float*, int)",1722605347,252611488,1,1,1,16,16,1,17,32,0,,,27,27,3496853991,100,4419760,18399744,0,8712,18399744,17424,0,1,1,0,0,0,9199872,0,69696,18399744,0,9199872,9199872,0,0,0,0,0,0,0,32432672,0,4644072,0,0,0,0
"Memcpy DtoH [sync]",1976335331,243040,,,,,,,,,,1115136,4588281764,,,,,,,,,,,,,,,,,,,,,,,,,,,,,,,,,,,,,
"Memcpy HtoD [sync]",2030525602,30080,,,,,,,,,,123904,4119148936,,,,,,,,,,,,,,,,,,,,,,,,,,,,,,,,,,,,,
"Memcpy HtoD [sync]",2030647874,29888,,,,,,,,,,123904,4145610278,,,,,,,,,,,,,,,,,,,,,,,,,,,,,,,,,,,,,
"MatrixMulKernel_1(float const *, float const *, float*, int)",2030681250,5282976,1,1,1,22,22,1,17,32,0,,,13,88,17,678,11179430393,100,45295530,1101056,0,1024,1101808,1192,2040,1,1,0,0,188672,170368,0,14864,1101056,752,742016,360448,0,0,0,0,0,0,0,1292192,0,185696,0,0,0,0
"Memcpy DtoH [sync]",2036051874,29344,,,,,,,,,,123904,4222464558,,,,,,,,,,,,,,,,,,,,,,,,,,,,,,,,,,,,,
"Memcpy HtoD [sync]",2081831568,110656,,,,,,,,,,495616,4478889531,,,,,,,,,,,,,,,,,,,,,,,,,,,,,,,,,,,,,
"Memcpy HtoD [sync]",2082155728,109568,,,,,,,,,,495616,4523364485,,,,,,,,,,,,,,,,,,,,,,,,,,,,,,,,,,,,,
"MatrixMulKernel_1(float const *, float const *, float*, int)",2082268784,41952032,1,1,1,22,22,1,17,32,0,,,13,935,17,678,11210173984,100,22599094,8808448,0,4096,8811520,4544,8256,1,1,0,0,1509376,1362944,0,59264,8808448,3072,5936128,2883584,0,0,0,0,0,0,0,10205985,0,1462880,0,0,0,0
"Memcpy DtoH [sync]",2124313552,108672,,,,,,,,,,495616,4560659599,,,,,,,,,,,,,,,,,,,,,,,,,,,,,,,,,,,,,
"Memcpy HtoD [sync]",2178074820,243968,,,,,,,,,,1115136,4570828961,,,,,,,,,,,,,,,,,,,,,,,,,,,,,,,,,,,,,
"Memcpy HtoD [sync]",2178684356,212544,,,,,,,,,,1115136,5246612466,,,,,,,,,,,,,,,,,,,,,,,,,,,,,,,,,,,,,
"MatrixMulKernel_1(float const *, float const *, float*, int)",2178900452,141447744,1,1,1,22,22,1,17,32,0,,,13,917,17,678,11225041920,100,15105951,29728512,0,9216,29735376,10392,18504,1,1,0,0,5094144,4599936,0,133488,29728512,6864,20034432,9732096,0,0,0,0,0,0,0,34311840,0,4912992,0,0,0,0
"Memcpy DtoH [sync]",2321409732,246560,,,,,,,,,,1115136,4522777417,,,,,,,,,,,,,,,,,,,,,,,,,,,,,,,,,,,,,
"Memcpy HtoD [sync]",2375866117,30272,,,,,,,,,,123904,4093023255,,,,,,,,,,,,,,,,,,,,,,,,,,,,,,,,,,,,,
"Memcpy HtoD [sync]",2375995589,29600,,,,,,,,,,123904,4185945945,,,,,,,,,,,,,,,,,,,,,,,,,,,,,,,,,,,,,
"MatrixMulKernel_2(float*, float*, float*, int)",2376028677,391136,22,22,1,8,8,1,9,32,0,,,4,5,6,9250385270,100,35096271,114048,0,36,114048,0,432,54,18,0,0,0,0,0,864,114048,0,114048,12672,0,0,0,0,0,0,0,45485,0,6480,0,0,0,0
"Memcpy DtoH [sync]",2376507429,28928,,,,,,,,,,123904,4283185840,,,,,,,,,,,,,,,,,,,,,,,,,,,,,,,,,,,,,
"Memcpy HtoD [sync]",2423094948,110368,,,,,,,,,,495616,4490576978,,,,,,,,,,,,,,,,,,,,,,,,,,,,,,,,,,,,,
"Memcpy HtoD [sync]",2423419172,109024,,,,,,,,,,495616,4545934840,,,,,,,,,,,,,,,,,,,,,,,,,,,,,,,,,,,,,
"MatrixMulKernel_2(float*, float*, float*, int)",2423531684,2950816,44,44,1,8,8,1,9,32,0,,,4,5,6,9899570331,100,18779138,912384,0,144,912384,0,1728,216,72,0,0,0,0,0,3456,912384,0,912384,101376,0,0,0,0,0,0,0,359297,0,51264,0,0,0,0
"Memcpy DtoH [sync]",2426574020,108896,,,,,,,,,,495616,4551278283,,,,,,,,,,,,,,,,,,,,,,,,,,,,,,,,,,,,,
"Memcpy HtoD [sync]",2583309744,244416,,,,,,,,,,1115136,4562450903,,,,,,,,,,,,,,,,,,,,,,,,,,,,,,,,,,,,,
"Memcpy HtoD [sync]",2583957936,212224,,,,,,,,,,1115136,5254523522,,,,,,,,,,,,,,,,,,,,,,,,,,,,,,,,,,,,,
"MatrixMulKernel_2(float*, float*, float*, int)",2584173616,10516608,66,66,1,8,8,1,9,32,0,,,4,519,6,025,9284415891,100,11714625,3066624,0,324,3066624,0,3872,484,162,0,0,0,0,0,7744,3066624,0,3066624,342144,0,0,0,0,0,0,0,1207565,0,172368,0,0,0,0
"Memcpy DtoH [sync]",2594793136,242592,,,,,,,,,,1115136,4596755045,,,,,,,,,,,,,,,,,,,,,,,,,,,,,,,,,,,,,
"Memcpy HtoD [sync]",2651787809,30176,,,,,,,,,,123904,4106044538,,,,,,,,,,,,,,,,,,,,,,,,,,,,,,,,,,,,,
"Memcpy HtoD [sync]",2651912641,29632,,,,,,,,,,123904,4181425485,,,,,,,,,,,,,,,,,,,,,,,,,,,,,,,,,,,,,
"MatrixMulKernel_2(float*, float*, float*, int)",2651945761,320672,11,11,1,16,16,1,9,32,0,,,9,643,9,643,11720543058,100,44316945,78848,0,40,78848,224,0,14,5,0,0,0,39424,0,896,78848,0,39424,14080,0,0,0,0,0,0,0,50553,0,7200,0,0,0,0
"Memcpy DtoH [sync]",2652344641,28768,,,,,,,,,,123904,4307007786,,,,,,,,,,,,,,,,,,,,,,,,,,,,,,,,,,,,,
"Memcpy HtoD [sync]",2696781645,112768,,,,,,,,,,495616,4395005675,,,,,,,,,,,,,,,,,,,,,,,,,,,,,,,,,,,,,
"Memcpy HtoD [sync]",2697208493,109408,,,,,,,,,,495616,4529979526,,,,,,,,,,,,,,,,,,,,,,,,,,,,,,,,,,,,,
"MatrixMulKernel_2(float*, float*, float*, int)",2697321421,2626592,22,22,1,16,16,1,9,32,0,,,9,9,11111592843,100,21068802,608256,0,144,608256,864,0,54,18,0,0,0,304128,0,3456,608256,0,304128,101376,0,0,0,0,0,0,0,359305,0,51264,0,0,0,0
"Memcpy DtoH [sync]",2700037997,108480,,,,,,,,,,495616,4568731563,,,,,,,,,,,,,,,,,,,,,,,,,,,,,,,,,,,,,
"Memcpy HtoD [sync]",2753950164,244992,,,,,,,,,,1115136,4551724137,,,,,,,,,,,,,,,,,,,,,,,,,,,,,,,,,,,,,
"Memcpy HtoD [sync]",2754570260,212544,,,,,,,,,,1115136,5246612466,,,,,,,,,,,,,,,,,,,,,,,,,,,,,,,,,,,,,
"MatrixMulKernel_2(float*, float*, float*, int)",2754786324,8603904,33,33,1,16,16,1,9,32,0,,,9,149,9,149,11409377895,100,14326679,2044416,0,328,2044416,1936,0,121,41,0,0,0,1022208,0,7744,2044416,0,1022208,346368,0,0,0,0,0,0,0,1222489,0,174496,0,0,0,0
"Memcpy DtoH [sync]",2763492980,242976,,,,,,,,,,1115136,4589490320,,,,,,,,,,,,,,,,,,,,,,,,,,,,,,,,,,,,,
"Memcpy HtoD [sync]",2817713960,30176,,,,,,,,,,123904,4106044538,,,,,,,,,,,,,,,,,,,,,,,,,,,,,,,,,,,,,
"Memcpy HtoD [sync]",2817838376,29600,,,,,,,,,,123904,4185945945,,,,,,,,,,,,,,,,,,,,,,,,,,,,,,,,,,,,,
"MatrixMulKernel_2(float*, float*, float*, int)",2817871464,598304,8,8,1,22,22,1,9,32,0,,,5,205,6,629,12224173718,100,49668520,137632,0,48,137726,149,255,8,3,0,0,23584,21296,0,1858,137632,94,92752,16896,0,0,0,0,0,0,0,60641,0,8640,0,0,0,0
"Memcpy DtoH [sync]",2818553384,29376,,,,,,,,,,123904,4217864923,,,,,,,,,,,,,,,,,,,,,,,,,,,,,,,,,,,,,
"Memcpy HtoD [sync]",2864766321,110432,,,,,,,,,,495616,4487974500,,,,,,,,,,,,,,,,,,,,,,,,,,,,,,,,,,,,,
"Memcpy HtoD [sync]",2865093873,109088,,,,,,,,,,495616,4543267820,,,,,,,,,,,,,,,,,,,,,,,,,,,,,,,,,,,,,
"MatrixMulKernel_2(float*, float*, float*, int)",2865206449,4694176,16,16,1,22,22,1,9,32,0,,,4,868,6,165,11473660343,100,23061499,986656,0,160,987021,500,910,29,10,0,0,180928,140448,0,6740,986656,365,665280,112640,0,0,0,0,0,0,0,399217,0,56960,0,0,0,0
"Memcpy DtoH [sync]",2869992209,109088,,,,,,,,,,495616,4543267820,,,,,,,,,,,,,,,,,,,,,,,,,,,,,,,,,,,,,
"Memcpy HtoD [sync]",2920986670,244032,,,,,,,,,,1115136,4569630212,,,,,,,,,,,,,,,,,,,,,,,,,,,,,,,,,,,,,
"Memcpy HtoD [sync]",2921590222,212384,,,,,,,,,,1115136,5250565014,,,,,,,,,,,,,,,,,,,,,,,,,,,,,,,,,,,,,
"MatrixMulKernel_2(float*, float*, float*, int)",2921806094,15764992,24,24,1,22,22,1,9,32,0,,,4,79,6,077,11198235039,100,15024022,3303168,0,352,3303936,1136,2064,64,22,0,0,566016,511104,0,14816,3303168,768,2226048,371712,0,0,0,0,0,0,0,1311921,0,187264,0,0,0,0
"Memcpy DtoH [sync]",2938559566,245600,,,,,,,,,,1115136,4540456026,,,,,,,,,,,,,,,,,,,,,,,,,,,,,,,,,,,,,
"Memcpy HtoD [sync]",2993128118,30624,,,,,,,,,,123904,4045977011,,,,,,,,,,,,,,,,,,,,,,,,,,,,,,,,,,,,,
"Memcpy HtoD [sync]",2993272278,29920,,,,,,,,,,123904,4141176470,,,,,,,,,,,,,,,,,,,,,,,,,,,,,,,,,,,,,
"void MatrixMulKernel_3<int=8>(float*, float const *, float const *, int)",2993305718,123488,22,22,1,8,8,1,11,544,0,,,4,5,4,5,4844036697,100,111225540,19008,0,36,19008,0,432,54,18,0,0,0,0,0,864,19008,0,19008,1584,0,0,0,0,0,0,30586,23272,0,2520,0,0,0,0
"Memcpy DtoH [sync]",2993495126,28672,,,,,,,,,,123904,4321428571,,,,,,,,,,,,,,,,,,,,,,,,,,,,,,,,,,,,,
"Memcpy HtoD [sync]",3038024463,110624,,,,,,,,,,495616,4480185131,,,,,,,,,,,,,,,,,,,,,,,,,,,,,,,,,,,,,
"Memcpy HtoD [sync]",3038348463,109024,,,,,,,,,,495616,4545934840,,,,,,,,,,,,,,,,,,,,,,,,,,,,,,,,,,,,,
"void MatrixMulKernel_3<int=8>(float*, float const *, float const *, int)",3038460975,842816,44,44,1,8,8,1,11,544,0,,,4,5,4,5,5786741761,100,65853658,152064,0,144,152064,0,1728,216,72,0,0,0,0,0,3456,152064,0,152064,12672,0,0,0,0,0,0,233225,178578,0,19584,0,0,0,0
"Memcpy DtoH [sync]",3039391215,108544,,,,,,,,,,495616,4566037735,,,,,,,,,,,,,,,,,,,,,,,,,,,,,,,,,,,,,
"Memcpy HtoD [sync]",3092244868,244480,,,,,,,,,,1115136,4561256544,,,,,,,,,,,,,,,,,,,,,,,,,,,,,,,,,,,,,
"Memcpy HtoD [sync]",3092865124,212352,,,,,,,,,,1115136,5251356238,,,,,,,,,,,,,,,,,,,,,,,,,,,,,,,,,,,,,
"void MatrixMulKernel_3<int=8>(float*, float const *, float const *, int)",3093080964,2835424,66,66,1,8,8,1,11,544,0,,,4,519,4,519,5732821858,100,43414885,511104,0,324,511104,0,3872,484,162,0,0,0,0,0,7744,511104,0,511104,42768,0,0,0,0,0,0,794468,594234,0,65448,0,0,0,0
"Memcpy DtoH [sync]",3096013092,242272,,,,,,,,,,1115136,4602826575,,,,,,,,,,,,,,,,,,,,,,,,,,,,,,,,,,,,,
"Memcpy HtoD [sync]",3150822036,30400,,,,,,,,,,123904,4075789473,,,,,,,,,,,,,,,,,,,,,,,,,,,,,,,,,,,,,
"Memcpy HtoD [sync]",3150965716,29408,,,,,,,,,,123904,4213275299,,,,,,,,,,,,,,,,,,,,,,,,,,,,,,,,,,,,,
"void MatrixMulKernel_3<int=16>(float*, float const *, float const *, int)",3150998612,83360,11,11,1,16,16,1,11,2080,0,,,9,643,9,643,4003249390,100,184362139,4928,0,40,4928,224,0,14,5,0,0,0,4928,0,896,4928,0,0,880,0,0,0,0,0,0,0,23672,0,1480,0,0,0,0
"Memcpy DtoH [sync]",3151149812,29248,,,,,,,,,,123904,4236323851,,,,,,,,,,,,,,,,,,,,,,,,,,,,,,,,,,,,,
"Memcpy HtoD [sync]",3197975147,110240,,,,,,,,,,495616,4495791001,,,,,,,,,,,,,,,,,,,,,,,,,,,,,,,,,,,,,
"Memcpy HtoD [sync]",3198300907,109056,,,,,,,,,,495616,4544600938,,,,,,,,,,,,,,,,,,,,,,,,,,,,,,,,,,,,,
"void MatrixMulKernel_3<int=16>(float*, float const *, float const *, int)",3198413483,486336,22,22,1,16,16,1,11,2080,0,,,9,9,5106931757,100,114414354,38016,0,144,38016,864,0,54,18,0,0,0,38016,0,3456,38016,0,0,6336,0,0,0,0,0,0,0,162752,0,10080,0,0,0,0
"Memcpy DtoH [sync]",3198987755,108992,,,,,,,,,,495616,4547269524,,,,,,,,,,,,,,,,,,,,,,,,,,,,,,,,,,,,,
"Memcpy HtoD [sync]",3251083109,243872,,,,,,,,,,1115136,4572628264,,,,,,,,,,,,,,,,,,,,,,,,,,,,,,,,,,,,,
"Memcpy HtoD [sync]",3251679429,212320,,,,,,,,,,1115136,5252147701,,,,,,,,,,,,,,,,,,,,,,,,,,,,,,,,,,,,,
"void MatrixMulKernel_3<int=16>(float*, float const *, float const *, int)",3251895237,1578368,33,33,1,16,16,1,11,2080,0,,,9,149,9,149,5200805910,100,79186862,127776,0,328,127776,1936,0,121,41,0,0,0,127776,0,7744,127776,0,0,21648,0,0,0,0,0,0,0,547456,0,33784,0,0,0,0
"Memcpy DtoH [sync]",3253556549,242816,,,,,,,,,,1115136,4592514496,,,,,,,,,,,,,,,,,,,,,,,,,,,,,,,,,,,,,
"Memcpy HtoD [sync]",3308596301,30496,,,,,,,,,,123904,4062959076,,,,,,,,,,,,,,,,,,,,,,,,,,,,,,,,,,,,,
"Memcpy HtoD [sync]",3308719245,29568,,,,,,,,,,123904,4190476190,,,,,,,,,,,,,,,,,,,,,,,,,,,,,,,,,,,,,
"void MatrixMulKernel_3<int=22>(float*, float const *, float const *, int)",3308752269,143168,8,8,1,22,22,1,13,3904,0,,,5,205,5,205,3315636850,100,206628113,7968,0,48,8062,149,255,8,3,0,0,1504,2384,0,1858,7968,94,4080,768,0,0,0,0,0,0,22126,27760,0,1344,0,0,0,0
"Memcpy DtoH [sync]",3308965357,28736,,,,,,,,,,123904,4311804008,,,,,,,,,,,,,,,,,,,,,,,,,,,,,,,,,,,,,
"Memcpy HtoD [sync]",3354513915,110272,,,,,,,,,,495616,4494486360,,,,,,,,,,,,,,,,,,,,,,,,,,,,,,,,,,,,,
"Memcpy HtoD [sync]",3354839835,109344,,,,,,,,,,495616,4532630962,,,,,,,,,,,,,,,,,,,,,,,,,,,,,,,,,,,,,
"void MatrixMulKernel_3<int=22>(float*, float const *, float const *, int)",3354952635,858720,16,16,1,22,22,1,13,3904,0,,,4,868,4,836,4024830784,100,125204339,57168,0,160,57533,500,910,29,10,0,0,11408,16236,0,6740,57168,365,29524,5120,0,0,0,0,0,0,147516,174419,0,8320,0,0,0,0
"Memcpy DtoH [sync]",3355909851,109120,,,,,,,,,,495616,4541935483,,,,,,,,,,,,,,,,,,,,,,,,,,,,,,,,,,,,,
"Memcpy HtoD [sync]",3407105536,244352,,,,,,,,,,1115136,4563645887,,,,,,,,,,,,,,,,,,,,,,,,,,,,,,,,,,,,,
"Memcpy HtoD [sync]",3407705952,212352,,,,,,,,,,1115136,5251356238,,,,,,,,,,,,,,,,,,,,,,,,,,,,,,,,,,,,,
"void MatrixMulKernel_3<int=22>(float*, float const *, float const *, int)",3407921792,2735936,24,24,1,22,22,1,13,3904,0,,,4,79,4,787,4163070442,100,86230779,190592,0,352,191360,1136,2064,64,22,0,0,36736,54976,0,14816,190592,768,98880,16896,0,0,0,0,0,0,486628,563922,0,26752,0,0,0,0
"Memcpy DtoH [sync]",3410743584,242976,,,,,,,,,,1115136,4589490320,,,,,,,,,,,,,,,,,,,,,,,,,,,,,,,,,,,,,
"Memcpy HtoD [sync]",3461664559,9952,,,,,,,,,,16384,1646302250,,,,,,,,,,,,,,,,,,,,,,,,,,,,,,,,,,,,,
"Memcpy HtoD [sync]",3461740623,9408,,,,,,,,,,16384,1741496598,,,,,,,,,,,,,,,,,,,,,,,,,,,,,,,,,,,,,
"void MatrixMulKernel_3<int=8>(float*, float const *, float const *, int)",3461819535,13152,8,8,1,8,8,1,11,544,0,,,5,062,5,062,2133333333,100,134736842,1024,0,6,1024,0,64,8,3,0,0,0,0,0,128,1024,0,1024,96,0,0,0,0,0,0,2354,1620,0,168,0,0,0,0
"Memcpy DtoH [sync]",3461938351,7360,,,,,,,,,,16384,2226086956,,,,,,,,,,,,,,,,,,,,,,,,,,,,,,,,,,,,,
"Memcpy HtoD [sync]",3500571785,28928,,,,,,,,,,65536,2265486725,,,,,,,,,,,,,,,,,,,,,,,,,,,,,,,,,,,,,
"Memcpy HtoD [sync]",3500646825,28928,,,,,,,,,,65536,2265486725,,,,,,,,,,,,,,,,,,,,,,,,,,,,,,,,,,,,,
"void MatrixMulKernel_3<int=8>(float*, float const *, float const *, int)",3500688201,56288,16,16,1,8,8,1,11,544,0,,,4,655,4,655,4059048660,100,127823691,7424,0,20,7424,0,232,29,10,0,0,0,0,0,464,7424,0,7424,640,0,0,0,0,0,0,13706,9696,0,1040,0,0,0,0
"Memcpy DtoH [sync]",3500816457,17344,,,,,,,,,,65536,3778597785,,,,,,,,,,,,,,,,,,,,,,,,,,,,,,,,,,,,,
"Memcpy HtoD [sync]",3541008131,59136,,,,,,,,,,262144,4432900432,,,,,,,,,,,,,,,,,,,,,,,,,,,,,,,,,,,,,
"Memcpy HtoD [sync]",3541201475,58432,,,,,,,,,,262144,4486308871,,,,,,,,,,,,,,,,,,,,,,,,,,,,,,,,,,,,,
"void MatrixMulKernel_3<int=8>(float*, float const *, float const *, int)",3541263395,331680,32,32,1,8,8,1,11,544,0,,,4,5,4,5,5617709335,100,87230989,58368,0,76,58368,0,912,114,38,0,0,0,0,0,1824,58368,0,58368,4864,0,0,0,0,0,0,89950,69632,0,7600,0,0,0,0
"Memcpy DtoH [sync]",3541685955,57824,,,,,,,,,,262144,4533480907,,,,,,,,,,,,,,,,,,,,,,,,,,,,,,,,,,,,,
"Memcpy HtoD [sync]",3585558766,129408,,,,,,,,,,589824,4557863501,,,,,,,,,,,,,,,,,,,,,,,,,,,,,,,,,,,,,
"Memcpy HtoD [sync]",3585909966,134368,,,,,,,,,,589824,4389616575,,,,,,,,,,,,,,,,,,,,,,,,,,,,,,,,,,,,,
"void MatrixMulKernel_3<int=8>(float*, float const *, float const *, int)",3586047950,1093088,48,48,1,8,8,1,11,544,0,,,4,535,4,535,5735021293,100,59832305,196608,0,172,196608,0,2048,256,86,0,0,0,0,0,4096,196608,0,196608,16512,0,0,0,0,0,0,305142,231872,0,25456,0,0,0,0
"Memcpy DtoH [sync]",3588128814,130720,,,,,,,,,,589824,4512117503,,,,,,,,,,,,,,,,,,,,,,,,,,,,,,,,,,,,,
"Memcpy HtoD [sync]",3637914992,223808,,,,,,,,,,1048576,4685158707,,,,,,,,,,,,,,,,,,,,,,,,,,,,,,,,,,,,,
"Memcpy HtoD [sync]",3638530032,223744,,,,,,,,,,1048576,4686498855,,,,,,,,,,,,,,,,,,,,,,,,,,,,,,,,,,,,,
"void MatrixMulKernel_3<int=8>(float*, float const *, float const *, int)",3638757264,2587904,64,64,1,8,8,1,11,544,0,,,4,5,4,5,5781227946,100,44875816,466944,0,304,466944,0,3648,456,152,0,0,0,0,0,7296,466944,0,466944,38912,0,0,0,0,0,0,722664,541136,0,59584,0,0,0,0
"Memcpy DtoH [sync]",3641495376,222272,,,,,,,,,,1048576,4717535272,,,,,,,,,,,,,,,,,,,,,,,,,,,,,,,,,,,,,
"Memcpy HtoD [sync]",3689143845,10080,,,,,,,,,,16384,1625396825,,,,,,,,,,,,,,,,,,,,,,,,,,,,,,,,,,,,,
"Memcpy HtoD [sync]",3689191909,9376,,,,,,,,,,16384,1747440273,,,,,,,,,,,,,,,,,,,,,,,,,,,,,,,,,,,,,
"void MatrixMulKernel_3<int=16>(float*, float const *, float const *, int)",3689226277,9952,4,4,1,16,16,1,11,2080,0,,,13,5,13,5,1340314136,100,167101827,256,0,8,256,32,0,2,1,0,0,0,256,0,128,256,0,0,64,0,0,0,0,0,0,0,2002,0,128,0,0,0,0
"Memcpy DtoH [sync]",3689320069,7360,,,,,,,,,,16384,2226086956,,,,,,,,,,,,,,,,,,,,,,,,,,,,,,,,,,,,,
"Memcpy HtoD [sync]",3728414191,28928,,,,,,,,,,65536,2265486725,,,,,,,,,,,,,,,,,,,,,,,,,,,,,,,,,,,,,
"Memcpy HtoD [sync]",3728489231,28928,,,,,,,,,,65536,2265486725,,,,,,,,,,,,,,,,,,,,,,,,,,,,,,,,,,,,,
"void MatrixMulKernel_3<int=16>(float*, float const *, float const *, int)",3728530543,34496,8,8,1,16,16,1,11,2080,0,,,10,125,10,125,3580419580,100,225352112,2048,0,24,2048,128,0,8,3,0,0,0,2048,0,512,2048,0,0,384,0,0,0,0,0,0,0,10680,0,672,0,0,0,0
"Memcpy DtoH [sync]",3728652239,17376,,,,,,,,,,65536,3771639042,,,,,,,,,,,,,,,,,,,,,,,,,,,,,,,,,,,,,
"Memcpy HtoD [sync]",3767563201,58784,,,,,,,,,,262144,4459444746,,,,,,,,,,,,,,,,,,,,,,,,,,,,,,,,,,,,,
"Memcpy HtoD [sync]",3767758817,58368,,,,,,,,,,262144,4491228070,,,,,,,,,,,,,,,,,,,,,,,,,,,,,,,,,,,,,
"void MatrixMulKernel_3<int=16>(float*, float const *, float const *, int)",3767820673,201312,16,16,1,16,16,1,11,2080,0,,,9,31,9,31,4682434563,100,146418428,14848,0,80,14848,464,0,29,10,0,0,0,14848,0,1856,14848,0,0,2560,0,0,0,0,0,0,0,66912,0,4160,0,0,0,0
"Memcpy DtoH [sync]",3768092513,57952,,,,,,,,,,262144,4523467697,,,,,,,,,,,,,,,,,,,,,,,,,,,,,,,,,,,,,
"Memcpy HtoD [sync]",3813765453,129216,,,,,,,,,,589824,4564635958,,,,,,,,,,,,,,,,,,,,,,,,,,,,,,,,,,,,,
"Memcpy HtoD [sync]",3814115469,129280,,,,,,,,,,589824,4562376237,,,,,,,,,,,,,,,,,,,,,,,,,,,,,,,,,,,,,
"void MatrixMulKernel_3<int=16>(float*, float const *, float const *, int)",3814248237,635424,24,24,1,16,16,1,11,2080,0,,,9,281,9,281,5000712178,100,105431145,49152,0,176,49152,1024,0,64,22,0,0,0,49152,0,4096,49152,0,0,8448,0,0,0,0,0,0,0,216152,0,13376,0,0,0,0
"Memcpy DtoH [sync]",3814982989,128256,,,,,,,,,,589824,4598802395,,,,,,,,,,,,,,,,,,,,,,,,,,,,,,,,,,,,,
"Memcpy HtoD [sync]",3864991174,224608,,,,,,,,,,1048576,4668471292,,,,,,,,,,,,,,,,,,,,,,,,,,,,,,,,,,,,,
"Memcpy HtoD [sync]",3865572038,223648,,,,,,,,,,1048576,4688510516,,,,,,,,,,,,,,,,,,,,,,,,,,,,,,,,,,,,,
"void MatrixMulKernel_3<int=16>(float*, float const *, float const *, int)",3865799174,1422656,32,32,1,16,16,1,11,2080,0,,,9,9,5285998913,100,82552613,116736,0,304,116736,1824,0,114,38,0,0,0,116736,0,7296,116736,0,0,19456,0,0,0,0,0,0,0,492512,0,30400,0,0,0,0
"Memcpy DtoH [sync]",3867335142,222816,,,,,,,,,,1048576,4706017521,,,,,,,,,,,,,,,,,,,,,,,,,,,,,,,,,,,,,
"Memcpy HtoD [sync]",3915809430,9952,,,,,,,,,,16384,1646302250,,,,,,,,,,,,,,,,,,,,,,,,,,,,,,,,,,,,,
"Memcpy HtoD [sync]",3915856790,9408,,,,,,,,,,16384,1741496598,,,,,,,,,,,,,,,,,,,,,,,,,,,,,,,,,,,,,
"void MatrixMulKernel_4<int=8>(float*, float const *, float const *, int)",3915892950,12832,8,8,1,8,8,1,12,544,0,,,5,062,5,062,2531868131,100,141280353,1152,0,6,1152,0,64,8,3,0,0,0,0,0,128,1152,0,1152,108,0,0,0,0,0,0,2011,2155,0,204,0,0,0,0
"Memcpy DtoH [sync]",3915991638,7264,,,,,,,,,,16384,2255506607,,,,,,,,,,,,,,,,,,,,,,,,,,,,,,,,,,,,,
"Memcpy HtoD [sync]",3955774587,28928,,,,,,,,,,65536,2265486725,,,,,,,,,,,,,,,,,,,,,,,,,,,,,,,,,,,,,
"Memcpy HtoD [sync]",3955849947,28928,,,,,,,,,,65536,2265486725,,,,,,,,,,,,,,,,,,,,,,,,,,,,,,,,,,,,,
"void MatrixMulKernel_4<int=8>(float*, float const *, float const *, int)",3955891227,61696,16,16,1,8,8,1,12,544,0,,,4,655,4,655,4024489795,100,118006103,7888,0,20,7888,0,232,29,10,0,0,0,0,0,464,7888,0,7888,680,0,0,0,0,0,0,13243,13417,0,1320,0,0,0,0
"Memcpy DtoH [sync]",3956038299,17376,,,,,,,,,,65536,3771639042,,,,,,,,,,,,,,,,,,,,,,,,,,,,,,,,,,,,,
"Memcpy HtoD [sync]",3994975036,59008,,,,,,,,,,262144,4442516268,,,,,,,,,,,,,,,,,,,,,,,,,,,,,,,,,,,,,
"Memcpy HtoD [sync]",3995176124,58496,,,,,,,,,,262144,4481400437,,,,,,,,,,,,,,,,,,,,,,,,,,,,,,,,,,,,,
"void MatrixMulKernel_4<int=8>(float*, float const *, float const *, int)",3995238108,388096,32,32,1,8,8,1,12,544,0,,,4,5,4,5,4949592961,100,75037024,60192,0,76,60192,0,912,114,38,0,0,0,0,0,1824,60192,0,60192,5016,0,0,0,0,0,0,90807,98361,0,9880,0,0,0,0
"Memcpy DtoH [sync]",3995730076,57920,,,,,,,,,,262144,4525966850,,,,,,,,,,,,,,,,,,,,,,,,,,,,,,,,,,,,,
"Memcpy HtoD [sync]",4040366483,130272,,,,,,,,,,589824,4527634487,,,,,,,,,,,,,,,,,,,,,,,,,,,,,,,,,,,,,
"Memcpy HtoD [sync]",4040716499,129248,,,,,,,,,,589824,4563505818,,,,,,,,,,,,,,,,,,,,,,,,,,,,,,,,,,,,,
"void MatrixMulKernel_4<int=8>(float*, float const *, float const *, int)",4040849235,1293376,48,48,1,8,8,1,12,544,0,,,4,535,4,535,4968289724,100,50715665,200704,0,172,200704,0,2048,256,86,0,0,0,0,0,4096,200704,0,200704,16856,0,0,0,0,0,0,307919,329914,0,33368,0,0,0,0
"Memcpy DtoH [sync]",4042247763,127968,,,,,,,,,,589824,4609152288,,,,,,,,,,,,,,,,,,,,,,,,,,,,,,,,,,,,,
"Memcpy HtoD [sync]",4091755472,224256,,,,,,,,,,1048576,4675799086,,,,,,,,,,,,,,,,,,,,,,,,,,,,,,,,,,,,,
"Memcpy HtoD [sync]",4092331664,223744,,,,,,,,,,1048576,4686498855,,,,,,,,,,,,,,,,,,,,,,,,,,,,,,,,,,,,,
"void MatrixMulKernel_4<int=8>(float*, float const *, float const *, int)",4092558896,3023424,64,64,1,8,8,1,12,544,0,,,4,5,4,5,5022824279,100,38625246,474240,0,304,474240,0,3648,456,152,0,0,0,0,0,7296,474240,0,474240,39520,0,0,0,0,0,0,725179,772787,0,78432,0,0,0,0
"Memcpy DtoH [sync]",4095674736,222336,,,,,,,,,,1048576,4716177317,,,,,,,,,,,,,,,,,,,,,,,,,,,,,,,,,,,,,
"Memcpy HtoD [sync]",4143876796,9952,,,,,,,,,,16384,1646302250,,,,,,,,,,,,,,,,,,,,,,,,,,,,,,,,,,,,,
"Memcpy HtoD [sync]",4143932668,9408,,,,,,,,,,16384,1741496598,,,,,,,,,,,,,,,,,,,,,,,,,,,,,,,,,,,,,
"void MatrixMulKernel_4<int=16>(float*, float const *, float const *, int)",4143990588,10048,4,4,1,16,16,1,12,2080,0,,,13,5,13,5,1763085399,100,175342465,320,0,8,320,32,0,2,1,0,0,0,320,0,128,320,0,0,80,0,0,0,0,0,0,0,2335,0,144,0,0,0,0
"Memcpy DtoH [sync]",4144092028,7296,,,,,,,,,,16384,2245614035,,,,,,,,,,,,,,,,,,,,,,,,,,,,,,,,,,,,,
"Memcpy HtoD [sync]",4182988778,28928,,,,,,,,,,65536,2265486725,,,,,,,,,,,,,,,,,,,,,,,,,,,,,,,,,,,,,
"Memcpy HtoD [sync]",4183063594,28928,,,,,,,,,,65536,2265486725,,,,,,,,,,,,,,,,,,,,,,,,,,,,,,,,,,,,,
"void MatrixMulKernel_4<int=16>(float*, float const *, float const *, int)",4183137354,38624,8,8,1,16,16,1,12,2080,0,,,10,125,10,125,3722132471,100,206952303,2304,0,24,2304,128,0,8,3,0,0,0,2304,0,512,2304,0,0,432,0,0,0,0,0,0,0,12840,0,816,0,0,0,0
"Memcpy DtoH [sync]",4183266058,17696,,,,,,,,,,65536,3703435804,,,,,,,,,,,,,,,,,,,,,,,,,,,,,,,,,,,,,
"Memcpy HtoD [sync]",4222264532,59552,,,,,,,,,,262144,4401934443,,,,,,,,,,,,,,,,,,,,,,,,,,,,,,,,,,,,,
"Memcpy HtoD [sync]",4222463860,58464,,,,,,,,,,262144,4483853311,,,,,,,,,,,,,,,,,,,,,,,,,,,,,,,,,,,,,
"void MatrixMulKernel_4<int=16>(float*, float const *, float const *, int)",4222525812,225408,16,16,1,16,16,1,12,2080,0,,,9,31,9,31,4447702283,100,131221719,15776,0,80,15776,464,0,29,10,0,0,0,15776,0,1856,15776,0,0,2720,0,0,0,0,0,0,0,81792,0,5280,0,0,0,0
"Memcpy DtoH [sync]",4222837684,57376,,,,,,,,,,262144,4568878973,,,,,,,,,,,,,,,,,,,,,,,,,,,,,,,,,,,,,
"Memcpy HtoD [sync]",4267395103,129760,,,,,,,,,,589824,4545499383,,,,,,,,,,,,,,,,,,,,,,,,,,,,,,,,,,,,,
"Memcpy HtoD [sync]",4267743839,129600,,,,,,,,,,589824,4551111111,,,,,,,,,,,,,,,,,,,,,,,,,,,,,,,,,,,,,
"void MatrixMulKernel_4<int=16>(float*, float const *, float const *, int)",4267876959,728192,24,24,1,16,16,1,12,2080,0,,,9,281,9,281,4529971245,100,90539345,51200,0,176,51200,1024,0,64,22,0,0,0,51200,0,4096,51200,0,0,8800,0,0,0,0,0,0,0,265792,0,17248,0,0,0,0
"Memcpy DtoH [sync]",4268714943,128352,,,,,,,,,,589824,4595362752,,,,,,,,,,,,,,,,,,,,,,,,,,,,,,,,,,,,,
"Memcpy HtoD [sync]",4317132210,223808,,,,,,,,,,1048576,4685158707,,,,,,,,,,,,,,,,,,,,,,,,,,,,,,,,,,,,,
"Memcpy HtoD [sync]",4317706866,223200,,,,,,,,,,1048576,4697921146,,,,,,,,,,,,,,,,,,,,,,,,,,,,,,,,,,,,,
"void MatrixMulKernel_4<int=16>(float*, float const *, float const *, int)",4317933554,1652448,32,32,1,16,16,1,12,2080,0,,,9,9,4677286502,100,70883124,120384,0,304,120384,1824,0,114,38,0,0,0,120384,0,7296,120384,0,0,20064,0,0,0,0,0,0,0,607424,0,39520,0,0,0,0
"Memcpy DtoH [sync]",4319675378,222432,,,,,,,,,,1048576,4714141850,,,,,,,,,,,,,,,,,,,,,,,,,,,,,,,,,,,,,
"Memcpy HtoD [sync]",4369030989,9984,,,,,,,,,,16384,1641025641,,,,,,,,,,,,,,,,,,,,,,,,,,,,,,,,,,,,,
"Memcpy HtoD [sync]",4369078445,9376,,,,,,,,,,16384,1747440273,,,,,,,,,,,,,,,,,,,,,,,,,,,,,,,,,,,,,
"void MatrixMulKernel_5<int=8>(float*, float const *, float const *, int)",4369115373,23424,4,4,1,8,8,1,24,1056,0,,,6,75,6,75,1104859335,100,163892445,576,0,8,576,64,0,2,1,0,0,0,288,0,256,576,0,288,72,0,0,0,0,0,0,4554,1796,0,68,0,0,0,0
"Memcpy DtoH [sync]",4369219821,7264,,,,,,,,,,16384,2255506607,,,,,,,,,,,,,,,,,,,,,,,,,,,,,,,,,,,,,
"Memcpy HtoD [sync]",4406746407,28960,,,,,,,,,,65536,2262983425,,,,,,,,,,,,,,,,,,,,,,,,,,,,,,,,,,,,,
"Memcpy HtoD [sync]",4406821287,28928,,,,,,,,,,65536,2265486725,,,,,,,,,,,,,,,,,,,,,,,,,,,,,,,,,,,,,
"void MatrixMulKernel_5<int=8>(float*, float const *, float const *, int)",4406862439,61504,8,8,1,8,8,1,24,1056,0,,,5,062,5,062,3332312404,100,260559796,4352,0,24,4352,256,0,8,3,0,0,0,2176,0,1024,4352,0,2176,408,0,0,0,0,0,0,15417,10276,0,396,0,0,0,0
"Memcpy DtoH [sync]",4407011783,17376,,,,,,,,,,65536,3771639042,,,,,,,,,,,,,,,,,,,,,,,,,,,,,,,,,,,,,
"Memcpy HtoD [sync]",4444992666,59072,,,,,,,,,,262144,4437703141,,,,,,,,,,,,,,,,,,,,,,,,,,,,,,,,,,,,,
"Memcpy HtoD [sync]",4445197786,58464,,,,,,,,,,262144,4483853311,,,,,,,,,,,,,,,,,,,,,,,,,,,,,,,,,,,,,
"void MatrixMulKernel_5<int=8>(float*, float const *, float const *, int)",4445259834,354656,16,16,1,8,8,1,24,1056,0,,,4,655,4,655,4129078651,100,166502197,30624,0,80,30624,928,0,29,10,0,0,0,15312,0,3712,30624,0,15312,2640,0,0,0,0,0,0,98033,66876,0,2600,0,0,0,0
"Memcpy DtoH [sync]",4445712442,57280,,,,,,,,,,262144,4576536312,,,,,,,,,,,,,,,,,,,,,,,,,,,,,,,,,,,,,
"Memcpy HtoD [sync]",4491169376,129888,,,,,,,,,,589824,4541019955,,,,,,,,,,,,,,,,,,,,,,,,,,,,,,,,,,,,,
"Memcpy HtoD [sync]",4491520000,128960,,,,,,,,,,589824,4573697270,,,,,,,,,,,,,,,,,,,,,,,,,,,,,,,,,,,,,
"void MatrixMulKernel_5<int=8>(float*, float const *, float const *, int)",4491652448,1057152,24,24,1,8,8,1,24,1056,0,,,4,641,4,641,4545339251,100,123865973,100352,0,176,100352,2048,0,64,22,0,0,0,50176,0,8192,100352,0,50176,8624,0,0,0,0,0,0,297975,218916,0,8536,0,0,0,0
"Memcpy DtoH [sync]",4492814912,127808,,,,,,,,,,589824,4614922383,,,,,,,,,,,,,,,,,,,,,,,,,,,,,,,,,,,,,
"Memcpy HtoD [sync]",4542551434,224160,,,,,,,,,,1048576,4677801570,,,,,,,,,,,,,,,,,,,,,,,,,,,,,,,,,,,,,
"Memcpy HtoD [sync]",4543126410,223808,,,,,,,,,,1048576,4685158707,,,,,,,,,,,,,,,,,,,,,,,,,,,,,,,,,,,,,
"void MatrixMulKernel_5<int=8>(float*, float const *, float const *, int)",4543353706,2418848,32,32,1,8,8,1,24,1056,0,,,4,5,4,5,4707439416,100,96519426,237120,0,304,237120,3648,0,114,38,0,0,0,118560,0,14592,237120,0,118560,19760,0,0,0,0,0,0,688870,502148,0,19608,0,0,0,0
"Memcpy DtoH [sync]",4545881002,222464,,,,,,,,,,1048576,4713463751,,,,,,,,,,,,,,,,,,,,,,,,,,,,,,,,,,,,,
"Memcpy HtoD [sync]",4593886986,9952,,,,,,,,,,16384,1646302250,,,,,,,,,,,,,,,,,,,,,,,,,,,,,,,,,,,,,
"Memcpy HtoD [sync]",4593934378,9408,,,,,,,,,,16384,1741496598,,,,,,,,,,,,,,,,,,,,,,,,,,,,,,,,,,,,,
"void MatrixMulKernel_5<int=16>(float*, float const *, float const *, int)",4593969962,30176,2,2,1,16,16,1,37,4128,0,,,27,27,974619289,100,258064516,320,0,32,384,0,0,1,1,0,0,160,160,0,512,320,64,0,160,0,0,0,0,0,0,3747,7270,0,144,0,0,0,0
"Memcpy DtoH [sync]",4594081098,7264,,,,,,,,,,16384,2255506607,,,,,,,,,,,,,,,,,,,,,,,,,,,,,,,,,,,,,
"Memcpy HtoD [sync]",4630589028,28928,,,,,,,,,,65536,2265486725,,,,,,,,,,,,,,,,,,,,,,,,,,,,,,,,,,,,,
"Memcpy HtoD [sync]",4630664228,28928,,,,,,,,,,65536,2265486725,,,,,,,,,,,,,,,,,,,,,,,,,,,,,,,,,,,,,
"void MatrixMulKernel_5<int=16>(float*, float const *, float const *, int)",4630705316,57888,4,4,1,16,16,1,37,4128,0,,,13,5,13,5,1877240630,100,278260869,1152,0,32,1280,0,0,2,1,0,0,576,576,0,1024,1152,128,0,288,0,0,0,0,0,0,7607,13844,0,272,0,0,0,0
"Memcpy DtoH [sync]",4630845700,17376,,,,,,,,,,65536,3771639042,,,,,,,,,,,,,,,,,,,,,,,,,,,,,,,,,,,,,
"Memcpy HtoD [sync]",4668054092,59072,,,,,,,,,,262144,4437703141,,,,,,,,,,,,,,,,,,,,,,,,,,,,,,,,,,,,,
"Memcpy HtoD [sync]",4668241836,58880,,,,,,,,,,262144,4452173913,,,,,,,,,,,,,,,,,,,,,,,,,,,,,,,,,,,,,
"void MatrixMulKernel_5<int=16>(float*, float const *, float const *, int)",4668304268,319296,8,8,1,16,16,1,37,4128,0,,,10,125,10,125,2604168744,100,204289276,8704,0,96,9216,0,0,8,3,0,0,4352,4352,0,4096,8704,512,0,1632,0,0,0,0,0,0,44995,81076,0,1584,0,0,0,0
"Memcpy DtoH [sync]",4668720524,57248,,,,,,,,,,262144,4579094466,,,,,,,,,,,,,,,,,,,,,,,,,,,,,,,,,,,,,
"Memcpy HtoD [sync]",4712184588,129920,,,,,,,,,,589824,4539901477,,,,,,,,,,,,,,,,,,,,,,,,,,,,,,,,,,,,,
"Memcpy HtoD [sync]",4712538316,129280,,,,,,,,,,589824,4562376237,,,,,,,,,,,,,,,,,,,,,,,,,,,,,,,,,,,,,
"void MatrixMulKernel_5<int=16>(float*, float const *, float const *, int)",4712671084,940416,12,12,1,16,16,1,37,4128,0,,,10,125,10,125,2605156037,100,139258151,25600,0,192,26624,0,0,16,6,0,0,12800,12800,0,8192,25600,1024,0,4800,0,0,0,0,0,0,135055,241216,0,4704,0,0,0,0
"Memcpy DtoH [sync]",4713715756,128128,,,,,,,,,,589824,4603396603,,,,,,,,,,,,,,,,,,,,,,,,,,,,,,,,,,,,,
"Memcpy HtoD [sync]",4761384128,224256,,,,,,,,,,1048576,4675799086,,,,,,,,,,,,,,,,,,,,,,,,,,,,,,,,,,,,,
"Memcpy HtoD [sync]",4761963808,223200,,,,,,,,,,1048576,4697921146,,,,,,,,,,,,,,,,,,,,,,,,,,,,,,,,,,,,,
"void MatrixMulKernel_5<int=16>(float*, float const *, float const *, int)",4762190464,2064992,16,16,1,16,16,1,37,4128,0,,,9,31,9,31,2845567738,100,115243713,61248,0,320,63104,0,0,29,10,0,0,30624,30624,0,14848,61248,1856,0,10560,0,0,0,0,0,0,299845,533865,0,10400,0,0,0,0
"Memcpy DtoH [sync]",4764350432,222528,,,,,,,,,,1048576,4712108139,,,,,,,,,,,,,,,,,,,,,,,,,,,,,,,,,,,,,
